id,ASXL1_W583,IDH1_R132C,RUNX1_R204Q,SRSF2_del,Sample,clone,clone_type,Population
S8PL1-pt18-BL-A1,WT,WT,Mut,Undetected,pt18-BL,R,leukemic,GMP
S8PL1-pt18-BL-A11,WT,Mut,Mut,Mut,pt18-BL,RIS,leukemic,GMP
S8PL1-pt18-BL-A13,WT,Mut,Mut,Undetected,pt18-BL,RI,leukemic,GMP
S8PL1-pt18-BL-A15,WT,Mut,Mut,Mut,pt18-BL,RIS,leukemic,LMPP
S8PL1-pt18-BL-A17,Mut,WT,WT,WT,pt18-BL,A,non-leukemic,Lin-Mature
S8PL1-pt18-BL-A19,WT,WT,WT,WT,pt18-BL,WT,non-leukemic,Lin-Mature
S8PL1-pt18-BL-A5,WT,Mut,Mut,Mut,pt18-BL,RIS,leukemic,GMP
S8PL1-pt18-BL-A7,WT,Mut,Mut,Mut,pt18-BL,RIS,leukemic,LMPP
S8PL1-pt18-BL-A9,WT,Mut,Mut,Mut,pt18-BL,RIS,leukemic,LMPP
S8PL1-pt18-BL-B1,WT,Mut,Mut,Mut,pt18-BL,RIS,leukemic,GMP
S8PL1-pt18-BL-B11,WT,Mut,Mut,Undetected,pt18-BL,RI,leukemic,GMP
S8PL1-pt18-BL-B13,WT,Undetected,Mut,Undetected,pt18-BL,R,leukemic,GMP
S8PL1-pt18-BL-B17,Undetermined,Mut,Mut,Mut,pt18-BL,RIS,leukemic,LMPP
S8PL1-pt18-BL-B19,WT,Mut,Mut,WT,pt18-BL,RI,leukemic,Precursor
S8PL1-pt18-BL-B21,WT,WT,WT,Undetected,pt18-BL,WT,non-leukemic,Lin-Mature
S8PL1-pt18-BL-B3,WT,Mut,Mut,Mut,pt18-BL,RIS,leukemic,LMPP
S8PL1-pt18-BL-B5,WT,Mut,Mut,Undetected,pt18-BL,RI,leukemic,LMPP
S8PL1-pt18-BL-B7,WT,Mut,Mut,Mut,pt18-BL,RIS,leukemic,GMP
S8PL1-pt18-BL-B9,WT,Mut,Mut,Mut,pt18-BL,RIS,leukemic,GMP
S8PL1-pt18-BL-C1,WT,Mut,Mut,Mut,pt18-BL,RIS,leukemic,GMP
S8PL1-pt18-BL-C11,WT,Mut,Mut,Mut,pt18-BL,RIS,leukemic,GMP
S8PL1-pt18-BL-C13,WT,Mut,Mut,Mut,pt18-BL,RIS,leukemic,GMP
S8PL1-pt18-BL-C15,WT,Mut,Mut,Undetected,pt18-BL,RI,leukemic,Precursor
S8PL1-pt18-BL-C17,WT,Mut,Mut,Mut,pt18-BL,RIS,leukemic,LMPP
S8PL1-pt18-BL-C19,WT,Mut,Mut,Undetected,pt18-BL,RI,leukemic,Precursor
S8PL1-pt18-BL-C21,WT,WT,WT,WT,pt18-BL,WT,non-leukemic,Lin+
S8PL1-pt18-BL-C3,WT,Mut,Mut,Mut,pt18-BL,RIS,leukemic,GMP
S8PL1-pt18-BL-C5,WT,Mut,Mut,WT,pt18-BL,RI,leukemic,LMPP
S8PL1-pt18-BL-C7,WT,Mut,Mut,Undetected,pt18-BL,RI,leukemic,LMPP
S8PL1-pt18-BL-C9,WT,Mut,Mut,Mut,pt18-BL,RIS,leukemic,GMP
S8PL1-pt18-BL-D1,WT,Mut,Mut,Undetected,pt18-BL,RI,leukemic,GMP
S8PL1-pt18-BL-D11,WT,Mut,Mut,Undetermined,pt18-BL,RI,leukemic,LMPP
S8PL1-pt18-BL-D13,WT,Mut,Mut,Mut,pt18-BL,RIS,leukemic,Lin+
S8PL1-pt18-BL-D15,WT,WT,WT,WT,pt18-BL,WT,non-leukemic,CMP
S8PL1-pt18-BL-D17,WT,WT,WT,WT,pt18-BL,WT,non-leukemic,Lin-Mature
S8PL1-pt18-BL-D19,WT,Mut,Mut,WT,pt18-BL,RI,leukemic,Lin-Mature
S8PL1-pt18-BL-D21,WT,Mut,Mut,Mut,pt18-BL,RIS,leukemic,Lin-Mature
S8PL1-pt18-BL-D3,WT,Mut,Mut,Undetected,pt18-BL,RI,leukemic,GMP
S8PL1-pt18-BL-D5,WT,Mut,Mut,Mut,pt18-BL,RIS,leukemic,LMPP
S8PL1-pt18-BL-D7,WT,WT,WT,WT,pt18-BL,WT,non-leukemic,HSC
S8PL1-pt18-BL-D9,WT,Mut,Mut,Mut,pt18-BL,RIS,leukemic,LMPP
S8PL1-pt18-BL-E1,WT,Mut,Mut,Mut,pt18-BL,RIS,leukemic,GMP
S8PL1-pt18-BL-E13,WT,Mut,Mut,Undetermined,pt18-BL,RI,leukemic,GMP
S8PL1-pt18-BL-E15,WT,Mut,Mut,Mut,pt18-BL,RIS,leukemic,GMP
S8PL1-pt18-BL-E17,Mut,WT,WT,Undetected,pt18-BL,A,non-leukemic,Lin+
S8PL1-pt18-BL-E19,WT,WT,WT,Undetected,pt18-BL,WT,non-leukemic,Lin-Mature
S8PL1-pt18-BL-E21,WT,Mut,Mut,Mut,pt18-BL,RIS,leukemic,Lin+
S8PL1-pt18-BL-E3,WT,Mut,Mut,Mut,pt18-BL,RIS,leukemic,GMP
S8PL1-pt18-BL-E5,WT,Undetermined,WT,WT,pt18-BL,WT,non-leukemic,HSC
S8PL1-pt18-BL-E7,WT,Mut,Mut,Undetected,pt18-BL,RI,leukemic,GMP
S8PL1-pt18-BL-E9,WT,Mut,Mut,WT,pt18-BL,RI,leukemic,LMPP
S8PL1-pt18-BL-F1,WT,Mut,Mut,Mut,pt18-BL,RIS,leukemic,LMPP
S8PL1-pt18-BL-F11,WT,Mut,Mut,WT,pt18-BL,RI,leukemic,B-NK
S8PL1-pt18-BL-F13,WT,Mut,Mut,Undetected,pt18-BL,RI,leukemic,LMPP
S8PL1-pt18-BL-F15,WT,Mut,Mut,Mut,pt18-BL,RIS,leukemic,GMP
S8PL1-pt18-BL-F17,WT,WT,WT,WT,pt18-BL,WT,non-leukemic,HSC
S8PL1-pt18-BL-F19,WT,Mut,Mut,Undetected,pt18-BL,RI,leukemic,Precursor
S8PL1-pt18-BL-F21,WT,Mut,Mut,Undetected,pt18-BL,RI,leukemic,Lin+
S8PL1-pt18-BL-F3,WT,Mut,Mut,Mut,pt18-BL,RIS,leukemic,LMPP
S8PL1-pt18-BL-F5,WT,Undetermined,Mut,Mut,pt18-BL,RIS,leukemic,LMPP
S8PL1-pt18-BL-F7,WT,Mut,Mut,Mut,pt18-BL,RIS,leukemic,LMPP
S8PL1-pt18-BL-F9,WT,Mut,Mut,Mut,pt18-BL,RIS,leukemic,Precursor
S8PL1-pt18-BL-G1,WT,Mut,Mut,Mut,pt18-BL,RIS,leukemic,GMP
S8PL1-pt18-BL-G11,WT,Mut,Mut,Undetected,pt18-BL,RI,leukemic,GMP
S8PL1-pt18-BL-G13,WT,Mut,Mut,Mut,pt18-BL,RIS,leukemic,LMPP
S8PL1-pt18-BL-G15,WT,Mut,Mut,Mut,pt18-BL,RIS,leukemic,LMPP
S8PL1-pt18-BL-G17,Undetermined,Mut,Mut,Mut,pt18-BL,RIS,leukemic,GMP
S8PL1-pt18-BL-G21,WT,WT,WT,WT,pt18-BL,WT,non-leukemic,HSC
S8PL1-pt18-BL-G3,WT,Mut,Mut,Mut,pt18-BL,RIS,leukemic,LMPP
S8PL1-pt18-BL-G5,WT,Mut,Mut,Mut,pt18-BL,RIS,leukemic,LMPP
S8PL1-pt18-BL-G7,WT,Mut,Mut,Undetected,pt18-BL,RI,leukemic,LMPP
S8PL1-pt18-BL-G9,WT,WT,Mut,Mut,pt18-BL,RIS,leukemic,LMPP
S8PL1-pt18-BL-H1,WT,Mut,Mut,Mut,pt18-BL,RIS,leukemic,LMPP
S8PL1-pt18-BL-H11,WT,Mut,Mut,Mut,pt18-BL,RIS,leukemic,GMP
S8PL1-pt18-BL-H13,WT,Mut,Mut,Mut,pt18-BL,RIS,leukemic,LMPP
S8PL1-pt18-BL-H15,WT,Mut,Mut,Mut,pt18-BL,RIS,leukemic,GMP
S8PL1-pt18-BL-H17,WT,Mut,Mut,Mut,pt18-BL,RIS,leukemic,LMPP
S8PL1-pt18-BL-H19,WT,Mut,Mut,Mut,pt18-BL,RIS,leukemic,Lin+
S8PL1-pt18-BL-H21,WT,WT,WT,WT,pt18-BL,WT,non-leukemic,HSC
S8PL1-pt18-BL-H3,WT,Mut,Mut,Undetected,pt18-BL,RI,leukemic,LMPP
S8PL1-pt18-BL-H5,WT,Mut,Mut,Mut,pt18-BL,RIS,leukemic,LMPP
S8PL1-pt18-BL-H7,WT,Mut,Mut,Mut,pt18-BL,RIS,leukemic,GMP
S8PL1-pt18-BL-H9,WT,Mut,Mut,Mut,pt18-BL,RIS,leukemic,LMPP
S8PL1-pt18-BL-I1,WT,WT,WT,WT,pt18-BL,WT,non-leukemic,HSC
S8PL1-pt18-BL-I11,WT,Mut,Mut,Mut,pt18-BL,RIS,leukemic,LMPP
S8PL1-pt18-BL-I13,WT,Mut,Mut,WT,pt18-BL,RI,leukemic,GMP
S8PL1-pt18-BL-I15,WT,Mut,Mut,Mut,pt18-BL,RIS,leukemic,GMP
S8PL1-pt18-BL-I17,WT,WT,Mut,WT,pt18-BL,R,leukemic,GMP
S8PL1-pt18-BL-I21,WT,WT,Undetermined,WT,pt18-BL,WT,non-leukemic,HSC
S8PL1-pt18-BL-I3,WT,Mut,Mut,Mut,pt18-BL,RIS,leukemic,GMP
S8PL1-pt18-BL-I5,WT,Mut,Mut,WT,pt18-BL,RI,leukemic,Lin-Mature
S8PL1-pt18-BL-I7,WT,Mut,Mut,Mut,pt18-BL,RIS,leukemic,GMP
S8PL1-pt18-BL-I9,WT,Mut,Mut,Mut,pt18-BL,RIS,leukemic,GMP
S8PL1-pt18-BL-J1,WT,Mut,Mut,Mut,pt18-BL,RIS,leukemic,LMPP
S8PL1-pt18-BL-J11,WT,Mut,Mut,Mut,pt18-BL,RIS,leukemic,GMP
S8PL1-pt18-BL-J13,WT,Mut,Mut,Mut,pt18-BL,RIS,leukemic,GMP
S8PL1-pt18-BL-J15,WT,Mut,Mut,WT,pt18-BL,RI,leukemic,LMPP
S8PL1-pt18-BL-J17,WT,Mut,Mut,Mut,pt18-BL,RIS,leukemic,LMPP
S8PL1-pt18-BL-J21,WT,Mut,Mut,Undetermined,pt18-BL,RI,leukemic,LMPP
S8PL1-pt18-BL-J3,WT,Mut,Mut,WT,pt18-BL,RI,leukemic,GMP
S8PL1-pt18-BL-J5,WT,Mut,Mut,WT,pt18-BL,RI,leukemic,GMP
S8PL1-pt18-BL-J7,WT,Mut,Mut,Mut,pt18-BL,RIS,leukemic,LMPP
S8PL1-pt18-BL-J9,WT,Mut,Mut,Mut,pt18-BL,RIS,leukemic,GMP
S8PL1-pt18-BL-K1,WT,Mut,Mut,Mut,pt18-BL,RIS,leukemic,LMPP
S8PL1-pt18-BL-K11,WT,WT,WT,WT,pt18-BL,WT,non-leukemic,MEP
S8PL1-pt18-BL-K13,WT,Mut,Mut,Mut,pt18-BL,RIS,leukemic,LMPP
S8PL1-pt18-BL-K15,WT,Mut,Mut,Mut,pt18-BL,RIS,leukemic,GMP
S8PL1-pt18-BL-K17,WT,Mut,Mut,Mut,pt18-BL,RIS,leukemic,GMP
S8PL1-pt18-BL-K21,WT,Mut,Mut,Mut,pt18-BL,RIS,leukemic,LMPP
S8PL1-pt18-BL-K3,WT,WT,WT,WT,pt18-BL,WT,non-leukemic,HSC
S8PL1-pt18-BL-K5,WT,Mut,Mut,Mut,pt18-BL,RIS,leukemic,LMPP
S8PL1-pt18-BL-K7,Mut,WT,WT,WT,pt18-BL,A,non-leukemic,CMP
S8PL1-pt18-BL-K9,WT,Undetected,Mut,Undetected,pt18-BL,R,leukemic,LMPP
S8PL1-pt18-BL-L1,WT,Mut,Mut,Mut,pt18-BL,RIS,leukemic,LMPP
S8PL1-pt18-BL-L11,WT,Mut,Mut,Mut,pt18-BL,RIS,leukemic,Lin+
S8PL1-pt18-BL-L13,WT,Mut,Mut,WT,pt18-BL,RI,leukemic,LMPP
S8PL1-pt18-BL-L15,WT,Mut,Mut,Mut,pt18-BL,RIS,leukemic,LMPP
S8PL1-pt18-BL-L17,WT,Mut,Mut,Mut,pt18-BL,RIS,leukemic,LMPP
S8PL1-pt18-BL-L19,WT,Mut,Mut,Undetected,pt18-BL,RI,leukemic,Lin-Mature
S8PL1-pt18-BL-L21,WT,Mut,Mut,Mut,pt18-BL,RIS,leukemic,GMP
S8PL1-pt18-BL-L3,WT,Mut,Mut,Mut,pt18-BL,RIS,leukemic,LMPP
S8PL1-pt18-BL-L5,WT,Mut,Mut,Mut,pt18-BL,RIS,leukemic,LMPP
S8PL1-pt18-BL-L7,WT,Mut,Mut,Mut,pt18-BL,RIS,leukemic,GMP
S8PL1-pt18-BL-L9,WT,Mut,Mut,Mut,pt18-BL,RIS,leukemic,LMPP
S8PL1-pt18-BL-M1,WT,Mut,Mut,WT,pt18-BL,RI,leukemic,Lin+
S8PL1-pt18-BL-M11,WT,Mut,Mut,Mut,pt18-BL,RIS,leukemic,LMPP
S8PL1-pt18-BL-M13,WT,Mut,Mut,Mut,pt18-BL,RIS,leukemic,LMPP
S8PL1-pt18-BL-M15,WT,Mut,Mut,Mut,pt18-BL,RIS,leukemic,LMPP
S8PL1-pt18-BL-M19,WT,Mut,Mut,Mut,pt18-BL,RIS,leukemic,Lin+
S8PL1-pt18-BL-M21,WT,Mut,Mut,Mut,pt18-BL,RIS,leukemic,LMPP
S8PL1-pt18-BL-M3,WT,Mut,Mut,Mut,pt18-BL,RIS,leukemic,GMP
S8PL1-pt18-BL-M5,WT,Mut,Mut,Undetermined,pt18-BL,RI,leukemic,LMPP
S8PL1-pt18-BL-M9,WT,Mut,Mut,Mut,pt18-BL,RIS,leukemic,GMP
S8PL1-pt18-BL-N1,WT,Mut,Mut,Mut,pt18-BL,RIS,leukemic,LMPP
S8PL1-pt18-BL-N11,WT,Mut,Mut,Mut,pt18-BL,RIS,leukemic,LMPP
S8PL1-pt18-BL-N13,WT,Mut,Mut,Mut,pt18-BL,RIS,leukemic,Lin+
S8PL1-pt18-BL-N15,WT,Mut,Mut,Mut,pt18-BL,RIS,leukemic,LMPP
S8PL1-pt18-BL-N17,WT,Mut,Mut,Mut,pt18-BL,RIS,leukemic,LMPP
S8PL1-pt18-BL-N21,WT,Mut,Mut,Mut,pt18-BL,RIS,leukemic,LMPP
S8PL1-pt18-BL-N3,WT,WT,WT,WT,pt18-BL,WT,non-leukemic,HSC
S8PL1-pt18-BL-N5,WT,Mut,Mut,Mut,pt18-BL,RIS,leukemic,GMP
S8PL1-pt18-BL-N7,WT,Mut,Mut,WT,pt18-BL,RI,leukemic,GMP
S8PL1-pt18-BL-N9,WT,Mut,Mut,Mut,pt18-BL,RIS,leukemic,GMP
S8PL1-pt18-BL-O1,WT,Mut,Mut,Mut,pt18-BL,RIS,leukemic,LMPP
S8PL1-pt18-BL-O11,WT,Mut,Mut,Undetected,pt18-BL,RI,leukemic,GMP
S8PL1-pt18-BL-O13,WT,Mut,Mut,Mut,pt18-BL,RIS,leukemic,Lin+
S8PL1-pt18-BL-O15,WT,Mut,Mut,Mut,pt18-BL,RIS,leukemic,LMPP
S8PL1-pt18-BL-O17,WT,Mut,Mut,Mut,pt18-BL,RIS,leukemic,Lin-Mature
S8PL1-pt18-BL-O21,WT,Mut,Mut,Mut,pt18-BL,RIS,leukemic,GMP
S8PL1-pt18-BL-O3,WT,Mut,Mut,Mut,pt18-BL,RIS,leukemic,GMP
S8PL1-pt18-BL-O5,WT,Mut,Mut,WT,pt18-BL,RI,leukemic,LMPP
S8PL1-pt18-BL-O7,WT,Mut,Mut,WT,pt18-BL,RI,leukemic,GMP
S8PL1-pt18-BL-O9,WT,Mut,Mut,Mut,pt18-BL,RIS,leukemic,GMP
S8PL1-pt18-BL-P1,WT,Mut,Mut,WT,pt18-BL,RI,leukemic,GMP
S8PL1-pt18-BL-P11,WT,Undetected,Undetected,Undetected,pt18-BL,Undetermined,Undetermined,GMP
S8PL1-pt18-BL-P13,WT,Mut,Mut,Mut,pt18-BL,RIS,leukemic,GMP
S8PL1-pt18-BL-P17,WT,Mut,Mut,Undetected,pt18-BL,RI,leukemic,LMPP
S8PL1-pt18-BL-P19,WT,WT,WT,WT,pt18-BL,WT,non-leukemic,Lin-Mature
S8PL1-pt18-BL-P21,WT,Mut,Mut,Mut,pt18-BL,RIS,leukemic,GMP
S8PL1-pt18-BL-P3,WT,Mut,Mut,Mut,pt18-BL,RIS,leukemic,GMP
S8PL1-pt18-BL-P5,WT,Mut,Mut,Mut,pt18-BL,RIS,leukemic,LMPP
S8PL1-pt18-BL-P7,WT,Mut,Mut,Mut,pt18-BL,RIS,leukemic,LMPP
S8PL1-pt18-BL-P9,Mut,WT,WT,WT,pt18-BL,A,non-leukemic,CMP
S8PL10-pt18-EOC9-A17,WT,WT,WT,WT,pt18-EOC9,WT,non-leukemic,Lin-Mature
S8PL10-pt18-EOC9-A19,WT,WT,WT,WT,pt18-EOC9,WT,non-leukemic,HSC
S8PL10-pt18-EOC9-A21,WT,WT,WT,WT,pt18-EOC9,WT,non-leukemic,CMP
S8PL10-pt18-EOC9-A7,WT,WT,WT,WT,pt18-EOC9,WT,non-leukemic,Lin+
S8PL10-pt18-EOC9-B1,WT,WT,WT,Undetected,pt18-EOC9,WT,non-leukemic,GMP
S8PL10-pt18-EOC9-B13,Mut,WT,WT,WT,pt18-EOC9,A,non-leukemic,Lin-Mature
S8PL10-pt18-EOC9-B19,Undetermined,WT,WT,WT,pt18-EOC9,Undetermined,Undetermined,Precursor
S8PL10-pt18-EOC9-C1,WT,WT,WT,Undetected,pt18-EOC9,WT,non-leukemic,Lin-Mature
S8PL10-pt18-EOC9-C19,WT,WT,WT,WT,pt18-EOC9,WT,non-leukemic,Precursor
S8PL10-pt18-EOC9-C5,Mut,WT,WT,WT,pt18-EOC9,A,non-leukemic,CMP
S8PL10-pt18-EOC9-C9,WT,Undetected,Undetected,Undetected,pt18-EOC9,Undetermined,Undetermined,Lin-Mature
S8PL10-pt18-EOC9-D15,WT,WT,WT,WT,pt18-EOC9,WT,non-leukemic,Lin-Mature
S8PL10-pt18-EOC9-D17,WT,WT,WT,WT,pt18-EOC9,WT,non-leukemic,Lin-Mature
S8PL10-pt18-EOC9-D3,WT,WT,WT,WT,pt18-EOC9,WT,non-leukemic,HSC
S8PL10-pt18-EOC9-E13,Mut,WT,WT,WT,pt18-EOC9,A,non-leukemic,CMP
S8PL10-pt18-EOC9-E17,WT,WT,WT,WT,pt18-EOC9,WT,non-leukemic,Lin-Mature
S8PL10-pt18-EOC9-E21,WT,WT,WT,Undetected,pt18-EOC9,WT,non-leukemic,Lin-Mature
S8PL10-pt18-EOC9-F13,WT,WT,WT,WT,pt18-EOC9,WT,non-leukemic,Lin-Mature
S8PL10-pt18-EOC9-F19,Mut,WT,WT,WT,pt18-EOC9,A,non-leukemic,GMP
S8PL10-pt18-EOC9-F21,Mut,WT,WT,WT,pt18-EOC9,A,non-leukemic,Lin-Mature
S8PL10-pt18-EOC9-F3,WT,WT,WT,WT,pt18-EOC9,WT,non-leukemic,Lin-Mature
S8PL10-pt18-EOC9-G1,WT,WT,WT,WT,pt18-EOC9,WT,non-leukemic,Lin-Mature
S8PL10-pt18-EOC9-G19,Mut,WT,WT,WT,pt18-EOC9,A,non-leukemic,CMP
S8PL10-pt18-EOC9-H19,WT,WT,WT,WT,pt18-EOC9,WT,non-leukemic,GMP
S8PL10-pt18-EOC9-I11,WT,Undetected,Undetected,Undetected,pt18-EOC9,Undetermined,Undetermined,Lin-Mature
S8PL10-pt18-EOC9-I13,Mut,WT,WT,WT,pt18-EOC9,A,non-leukemic,Lin-Mature
S8PL10-pt18-EOC9-I15,WT,WT,WT,Undetected,pt18-EOC9,WT,non-leukemic,Lin-Mature
S8PL10-pt18-EOC9-I3,WT,WT,WT,WT,pt18-EOC9,WT,non-leukemic,Lin-Mature
S8PL10-pt18-EOC9-I9,WT,Undetected,Undetected,Undetected,pt18-EOC9,Undetermined,Undetermined,Lin-Mature
S8PL10-pt18-EOC9-J11,Mut,WT,WT,WT,pt18-EOC9,A,non-leukemic,GMP
S8PL10-pt18-EOC9-J19,WT,WT,WT,WT,pt18-EOC9,WT,non-leukemic,GMP
S8PL10-pt18-EOC9-J7,Undetermined,Undetected,WT,Undetected,pt18-EOC9,Undetermined,Undetermined,Lin-Mature
S8PL10-pt18-EOC9-J9,WT,WT,WT,WT,pt18-EOC9,WT,non-leukemic,Precursor
S8PL10-pt18-EOC9-K1,WT,WT,WT,WT,pt18-EOC9,WT,non-leukemic,Lin-Mature
S8PL10-pt18-EOC9-K13,WT,WT,WT,Undetected,pt18-EOC9,WT,non-leukemic,Lin-Mature
S8PL10-pt18-EOC9-K15,Mut,WT,WT,WT,pt18-EOC9,A,non-leukemic,Precursor
S8PL10-pt18-EOC9-K21,WT,WT,WT,WT,pt18-EOC9,WT,non-leukemic,Lin-Mature
S8PL10-pt18-EOC9-K7,Mut,WT,WT,Undetected,pt18-EOC9,A,non-leukemic,Lin-Mature
S8PL10-pt18-EOC9-L11,Mut,WT,WT,Undetected,pt18-EOC9,A,non-leukemic,CMP
S8PL10-pt18-EOC9-L13,WT,WT,WT,Undetected,pt18-EOC9,WT,non-leukemic,Lin-Mature
S8PL10-pt18-EOC9-L19,WT,WT,WT,WT,pt18-EOC9,WT,non-leukemic,MEP
S8PL10-pt18-EOC9-L3,Mut,WT,WT,Undetected,pt18-EOC9,A,non-leukemic,Lin-Mature
S8PL10-pt18-EOC9-M19,Mut,WT,WT,WT,pt18-EOC9,A,non-leukemic,Lin+
S8PL10-pt18-EOC9-M21,WT,WT,WT,WT,pt18-EOC9,WT,non-leukemic,Lin-Mature
S8PL10-pt18-EOC9-M9,WT,Undetected,WT,Undetected,pt18-EOC9,Undetermined,Undetermined,Lin-Mature
S8PL10-pt18-EOC9-N1,WT,WT,WT,Undetected,pt18-EOC9,WT,non-leukemic,Lin-Mature
S8PL10-pt18-EOC9-N21,WT,Undetected,Undetected,Undetected,pt18-EOC9,Undetermined,Undetermined,Lin-Mature
S8PL10-pt18-EOC9-O13,Mut,WT,WT,WT,pt18-EOC9,A,non-leukemic,Lin-Mature
S8PL10-pt18-EOC9-O15,WT,WT,WT,Undetected,pt18-EOC9,WT,non-leukemic,Lin-Mature
S8PL10-pt18-EOC9-O17,Mut,WT,WT,Undetected,pt18-EOC9,A,non-leukemic,CMP
S8PL10-pt18-EOC9-O19,WT,WT,WT,WT,pt18-EOC9,WT,non-leukemic,CMP
S8PL10-pt18-EOC9-O21,Mut,WT,WT,Undetected,pt18-EOC9,A,non-leukemic,Lin-Mature
S8PL10-pt18-EOC9-P1,Mut,WT,WT,WT,pt18-EOC9,A,non-leukemic,MEP
S8PL10-pt18-EOC9-P13,WT,WT,WT,Undetected,pt18-EOC9,WT,non-leukemic,Lin-Mature
S8PL10-pt18-EOC9-P17,Mut,Undetected,Undetected,Undetected,pt18-EOC9,A,non-leukemic,Precursor
S8PL10-pt18-EOC9-P19,WT,WT,WT,WT,pt18-EOC9,WT,non-leukemic,CMP
S8PL10-pt18-EOC9-P21,Mut,Mut,WT,Undetected,pt18-EOC9,RI,leukemic,Lin-Mature
S8PL10-pt18-EOC9-P3,Mut,Undetected,WT,Undetected,pt18-EOC9,A,non-leukemic,Lin-Mature
S8PL11-pt18-EOC9-A19,Mut,WT,WT,WT,pt18-EOC9,A,non-leukemic,GMP
S8PL11-pt18-EOC9-B19,WT,WT,WT,WT,pt18-EOC9,WT,non-leukemic,MEP
S8PL11-pt18-EOC9-B21,Mut,WT,WT,Undetected,pt18-EOC9,A,non-leukemic,Lin-Mature
S8PL11-pt18-EOC9-C1,WT,WT,WT,WT,pt18-EOC9,WT,non-leukemic,Lin+
S8PL11-pt18-EOC9-C11,WT,WT,WT,WT,pt18-EOC9,WT,non-leukemic,Precursor
S8PL11-pt18-EOC9-C13,WT,Undetected,Undetected,Undetected,pt18-EOC9,Undetermined,Undetermined,Lin-Mature
S8PL11-pt18-EOC9-C15,WT,WT,WT,Undetected,pt18-EOC9,WT,non-leukemic,Lin-Mature
S8PL11-pt18-EOC9-D19,Mut,WT,WT,WT,pt18-EOC9,A,non-leukemic,Precursor
S8PL11-pt18-EOC9-D9,WT,WT,WT,WT,pt18-EOC9,WT,non-leukemic,Lin-Mature
S8PL11-pt18-EOC9-E11,WT,WT,WT,Undetected,pt18-EOC9,WT,non-leukemic,Lin-Mature
S8PL11-pt18-EOC9-E13,WT,WT,WT,Undetected,pt18-EOC9,WT,non-leukemic,Lin-Mature
S8PL11-pt18-EOC9-E19,Mut,WT,WT,WT,pt18-EOC9,A,non-leukemic,CMP
S8PL11-pt18-EOC9-E3,WT,Undetected,Undetected,Undetected,pt18-EOC9,Undetermined,Undetermined,Lin-Mature
S8PL11-pt18-EOC9-E5,Mut,WT,WT,WT,pt18-EOC9,A,non-leukemic,Lin-Mature
S8PL11-pt18-EOC9-E9,Mut,WT,WT,WT,pt18-EOC9,A,non-leukemic,Lin-Mature
S8PL11-pt18-EOC9-F11,WT,Undetected,WT,Undetected,pt18-EOC9,Undetermined,Undetermined,Lin-Mature
S8PL11-pt18-EOC9-F21,WT,Undetected,Undetected,Undetected,pt18-EOC9,Undetermined,Undetermined,Lin-Mature
S8PL11-pt18-EOC9-F5,WT,WT,WT,Undetected,pt18-EOC9,WT,non-leukemic,Lin+
S8PL11-pt18-EOC9-G11,WT,Undetected,WT,Undetected,pt18-EOC9,Undetermined,Undetermined,Lin-Mature
S8PL11-pt18-EOC9-G13,WT,WT,WT,Undetected,pt18-EOC9,WT,non-leukemic,Lin-Mature
S8PL11-pt18-EOC9-G15,WT,WT,WT,WT,pt18-EOC9,WT,non-leukemic,Lin-Mature
S8PL11-pt18-EOC9-G21,Mut,WT,WT,Undetected,pt18-EOC9,A,non-leukemic,Lin+
S8PL11-pt18-EOC9-H1,WT,Undetected,Undetected,Undetected,pt18-EOC9,Undetermined,Undetermined,Lin-Mature
S8PL11-pt18-EOC9-H15,Mut,WT,WT,WT,pt18-EOC9,A,non-leukemic,Lin-Mature
S8PL11-pt18-EOC9-H7,WT,Undetected,Undetected,WT,pt18-EOC9,Undetermined,Undetermined,Lin-Mature
S8PL11-pt18-EOC9-I19,WT,WT,WT,WT,pt18-EOC9,WT,non-leukemic,CMP
S8PL11-pt18-EOC9-I9,WT,WT,WT,WT,pt18-EOC9,WT,non-leukemic,Lin-Mature
S8PL11-pt18-EOC9-J13,WT,WT,WT,Undetected,pt18-EOC9,WT,non-leukemic,Lin-Mature
S8PL11-pt18-EOC9-J19,WT,WT,WT,WT,pt18-EOC9,WT,non-leukemic,GMP
S8PL11-pt18-EOC9-J21,WT,WT,WT,WT,pt18-EOC9,WT,non-leukemic,HSC
S8PL11-pt18-EOC9-J9,WT,WT,WT,WT,pt18-EOC9,WT,non-leukemic,Lin-Mature
S8PL11-pt18-EOC9-K11,WT,Undetected,WT,Undetected,pt18-EOC9,Undetermined,Undetermined,Lin-Mature
S8PL11-pt18-EOC9-K13,WT,Undetected,Undetected,Undetected,pt18-EOC9,Undetermined,Undetermined,Lin-Mature
S8PL11-pt18-EOC9-K19,WT,WT,WT,WT,pt18-EOC9,WT,non-leukemic,Precursor
S8PL11-pt18-EOC9-K3,WT,WT,WT,Undetected,pt18-EOC9,WT,non-leukemic,Lin-Mature
S8PL11-pt18-EOC9-L13,WT,WT,WT,Undetected,pt18-EOC9,WT,non-leukemic,Precursor
S8PL11-pt18-EOC9-L19,WT,WT,WT,WT,pt18-EOC9,WT,non-leukemic,MEP
S8PL11-pt18-EOC9-L21,WT,WT,WT,WT,pt18-EOC9,WT,non-leukemic,Lin-Mature
S8PL11-pt18-EOC9-L5,Mut,WT,WT,WT,pt18-EOC9,A,non-leukemic,Lin-Mature
S8PL11-pt18-EOC9-M15,WT,WT,WT,WT,pt18-EOC9,WT,non-leukemic,Lin-Mature
S8PL11-pt18-EOC9-M19,WT,WT,WT,WT,pt18-EOC9,WT,non-leukemic,CMP
S8PL11-pt18-EOC9-M21,WT,Undetected,Undetected,Undetected,pt18-EOC9,Undetermined,Undetermined,Lin-Mature
S8PL11-pt18-EOC9-M3,WT,WT,WT,Undetected,pt18-EOC9,WT,non-leukemic,CMP
S8PL11-pt18-EOC9-N1,Undetermined,WT,WT,Undetected,pt18-EOC9,Undetermined,Undetermined,Lin-Mature
S8PL11-pt18-EOC9-N15,WT,Undetected,Undetected,Undetected,pt18-EOC9,Undetermined,Undetermined,Lin-Mature
S8PL11-pt18-EOC9-N19,WT,WT,WT,WT,pt18-EOC9,WT,non-leukemic,MEP
S8PL11-pt18-EOC9-N3,WT,WT,WT,WT,pt18-EOC9,WT,non-leukemic,Precursor
S8PL11-pt18-EOC9-N7,Mut,WT,WT,WT,pt18-EOC9,A,non-leukemic,Lin-Mature
S8PL11-pt18-EOC9-N9,Undetermined,WT,WT,WT,pt18-EOC9,Undetermined,Undetermined,Lin-Mature
S8PL11-pt18-EOC9-O11,WT,WT,WT,WT,pt18-EOC9,WT,non-leukemic,Lin-Mature
S8PL11-pt18-EOC9-O19,WT,WT,WT,WT,pt18-EOC9,WT,non-leukemic,GMP
S8PL11-pt18-EOC9-O5,WT,WT,WT,Undetected,pt18-EOC9,WT,non-leukemic,Lin-Mature
S8PL11-pt18-EOC9-O7,WT,Undetected,Undetected,Undetected,pt18-EOC9,Undetermined,Undetermined,Lin-Mature
S8PL11-pt18-EOC9-P1,WT,WT,WT,Undetected,pt18-EOC9,WT,non-leukemic,Lin-Mature
S8PL11-pt18-EOC9-P17,WT,WT,WT,WT,pt18-EOC9,WT,non-leukemic,Lin-Mature
S8PL11-pt18-EOC9-P19,Mut,WT,WT,WT,pt18-EOC9,A,non-leukemic,GMP
S8PL11-pt18-EOC9-P9,Mut,WT,WT,WT,pt18-EOC9,A,non-leukemic,Lin-Mature
S8PL12-pt18-EOC9-B7,WT,WT,WT,Undetected,pt18-EOC9,WT,non-leukemic,Lin-Mature
S8PL12-pt18-EOC9-C11,WT,Undetected,Undetected,Undetected,pt18-EOC9,Undetermined,Undetermined,Lin-Mature
S8PL12-pt18-EOC9-C17,WT,WT,WT,Undetected,pt18-EOC9,WT,non-leukemic,Lin-Mature
S8PL12-pt18-EOC9-C9,WT,Undetected,Undetected,Undetected,pt18-EOC9,Undetermined,Undetermined,Lin-Mature
S8PL12-pt18-EOC9-D7,WT,Undetected,Undetected,Undetected,pt18-EOC9,Undetermined,Undetermined,Lin-Mature
S8PL12-pt18-EOC9-E3,WT,WT,WT,Undetected,pt18-EOC9,WT,non-leukemic,Lin-Mature
S8PL12-pt18-EOC9-E5,Mut,WT,WT,WT,pt18-EOC9,A,non-leukemic,Lin-Mature
S8PL12-pt18-EOC9-E9,WT,Undetected,Undetected,Undetected,pt18-EOC9,Undetermined,Undetermined,Lin-Mature
S8PL12-pt18-EOC9-H11,WT,Undetected,Undetected,Undetected,pt18-EOC9,Undetermined,Undetermined,Lin-Mature
S8PL12-pt18-EOC9-H5,WT,Undetected,Undetected,Undetected,pt18-EOC9,Undetermined,Undetermined,Lin-Mature
S8PL12-pt18-EOC9-I1,WT,WT,WT,WT,pt18-EOC9,WT,non-leukemic,Lin-Mature
S8PL12-pt18-EOC9-K1,WT,Undetected,Undetected,WT,pt18-EOC9,Undetermined,Undetermined,Lin-Mature
S8PL12-pt18-EOC9-L11,WT,WT,WT,WT,pt18-EOC9,WT,non-leukemic,Lin-Mature
S8PL12-pt18-EOC9-L3,WT,Undetected,Undetected,Undetected,pt18-EOC9,Undetermined,Undetermined,Lin-Mature
S8PL12-pt18-EOC9-L5,WT,Mut,WT,WT,pt18-EOC9,RI,leukemic,Lin-Mature
S8PL12-pt18-EOC9-N15,WT,Undetected,Undetected,Undetected,pt18-EOC9,Undetermined,Undetermined,Lin-Mature
S8PL12-pt18-EOC9-O3,WT,WT,WT,Undetected,pt18-EOC9,WT,non-leukemic,Lin-Mature
S8PL12-pt18-EOC9-O7,WT,WT,WT,WT,pt18-EOC9,WT,non-leukemic,Lin-Mature
S8PL12-pt18-EOC9-P1,WT,WT,WT,WT,pt18-EOC9,WT,non-leukemic,Lin-Mature
S8PL12-pt18-EOC9-P5,WT,WT,Undetected,WT,pt18-EOC9,WT,non-leukemic,Lin-Mature
S8PL13-pt18-BL-A1,WT,WT,WT,Undetected,pt18-BL,WT,non-leukemic,HSC
S8PL13-pt18-BL-A13,WT,Mut,Mut,Undetected,pt18-BL,RI,leukemic,GMP
S8PL13-pt18-BL-A17,WT,Mut,Mut,Undetected,pt18-BL,RI,leukemic,LMPP
S8PL13-pt18-BL-A3,WT,Mut,Mut,Undetected,pt18-BL,RI,leukemic,LMPP
S8PL13-pt18-BL-A5,WT,Mut,Mut,Mut,pt18-BL,RIS,leukemic,LMPP
S8PL13-pt18-BL-A9,WT,Mut,Mut,WT,pt18-BL,RI,leukemic,GMP
S8PL13-pt18-BL-B1,WT,WT,Mut,Undetected,pt18-BL,R,leukemic,GMP
S8PL13-pt18-BL-B11,WT,Mut,Mut,Mut,pt18-BL,RIS,leukemic,GMP
S8PL13-pt18-BL-B3,WT,Mut,Mut,Mut,pt18-BL,RIS,leukemic,GMP
S8PL13-pt18-BL-B5,WT,Mut,Mut,Mut,pt18-BL,RIS,leukemic,GMP
S8PL13-pt18-BL-B7,WT,Mut,Mut,Mut,pt18-BL,RIS,leukemic,LMPP
S8PL13-pt18-BL-B9,WT,Mut,Mut,Undetected,pt18-BL,RI,leukemic,GMP
S8PL13-pt18-BL-C1,WT,Mut,Mut,Undetected,pt18-BL,RI,leukemic,GMP
S8PL13-pt18-BL-C11,WT,Undetected,Undetected,Undetected,pt18-BL,Undetermined,Undetermined,Lin-Mature
S8PL13-pt18-BL-C13,WT,Mut,Mut,Undetermined,pt18-BL,RI,leukemic,LMPP
S8PL13-pt18-BL-C15,WT,Mut,Mut,WT,pt18-BL,RI,leukemic,LMPP
S8PL13-pt18-BL-C3,WT,Mut,Mut,WT,pt18-BL,RI,leukemic,LMPP
S8PL13-pt18-BL-C7,WT,Mut,Mut,Mut,pt18-BL,RIS,leukemic,LMPP
S8PL13-pt18-BL-C9,WT,Mut,Mut,Undetected,pt18-BL,RI,leukemic,GMP
S8PL13-pt18-BL-D1,WT,Mut,Mut,WT,pt18-BL,RI,leukemic,LMPP
S8PL13-pt18-BL-D3,WT,Mut,Mut,Mut,pt18-BL,RIS,leukemic,LMPP
S8PL13-pt18-BL-D5,WT,WT,Undetermined,WT,pt18-BL,WT,non-leukemic,CMP
S8PL13-pt18-BL-D7,Undetermined,Mut,Mut,WT,pt18-BL,RI,leukemic,GMP
S8PL13-pt18-BL-D9,WT,Mut,Mut,Mut,pt18-BL,RIS,leukemic,LMPP
S8PL13-pt18-BL-E15,WT,Mut,Mut,Mut,pt18-BL,RIS,leukemic,GMP
S8PL13-pt18-BL-E3,WT,WT,WT,WT,pt18-BL,WT,non-leukemic,CMP
S8PL13-pt18-BL-E5,WT,Undetected,Undetected,Undetected,pt18-BL,Undetermined,Undetermined,Precursor
S8PL13-pt18-BL-E7,WT,Mut,Mut,Mut,pt18-BL,RIS,leukemic,GMP
S8PL13-pt18-BL-E9,WT,Mut,Mut,Mut,pt18-BL,RIS,leukemic,GMP
S8PL13-pt18-BL-F1,WT,Mut,Mut,Undetected,pt18-BL,RI,leukemic,LMPP
S8PL13-pt18-BL-F17,WT,Mut,Mut,Mut,pt18-BL,RIS,leukemic,LMPP
S8PL13-pt18-BL-F3,WT,Mut,Mut,Undetected,pt18-BL,RI,leukemic,LMPP
S8PL13-pt18-BL-F5,WT,Mut,Mut,WT,pt18-BL,RI,leukemic,LMPP
S8PL13-pt18-BL-F7,WT,Mut,Mut,WT,pt18-BL,RI,leukemic,LMPP
S8PL13-pt18-BL-F9,WT,Mut,Mut,WT,pt18-BL,RI,leukemic,LMPP
S8PL13-pt18-BL-G1,WT,Mut,Mut,Undetected,pt18-BL,RI,leukemic,Precursor
S8PL13-pt18-BL-G3,WT,Mut,Mut,Mut,pt18-BL,RIS,leukemic,GMP
S8PL13-pt18-BL-G5,WT,Mut,Mut,WT,pt18-BL,RI,leukemic,LMPP
S8PL13-pt18-BL-G9,WT,Mut,Mut,Mut,pt18-BL,RIS,leukemic,LMPP
S8PL13-pt18-BL-H1,WT,Mut,Mut,Mut,pt18-BL,RIS,leukemic,LMPP
S8PL13-pt18-BL-H17,WT,Mut,Mut,Mut,pt18-BL,RIS,leukemic,GMP
S8PL13-pt18-BL-H5,WT,Mut,Mut,Mut,pt18-BL,RIS,leukemic,GMP
S8PL13-pt18-BL-H7,WT,WT,WT,WT,pt18-BL,WT,non-leukemic,HSC
S8PL13-pt18-BL-H9,WT,Mut,Mut,Mut,pt18-BL,RIS,leukemic,LMPP
S8PL13-pt18-BL-I1,WT,Mut,Mut,Mut,pt18-BL,RIS,leukemic,LMPP
S8PL13-pt18-BL-I3,WT,Mut,Mut,Mut,pt18-BL,RIS,leukemic,GMP
S8PL13-pt18-BL-I7,WT,WT,Undetected,Undetected,pt18-BL,Undetermined,Undetermined,Precursor
S8PL13-pt18-BL-J1,WT,Mut,Mut,Mut,pt18-BL,RIS,leukemic,GMP
S8PL13-pt18-BL-J15,WT,Mut,Mut,Mut,pt18-BL,RIS,leukemic,LMPP
S8PL13-pt18-BL-J5,WT,Undetected,Mut,Mut,pt18-BL,RIS,leukemic,LMPP
S8PL13-pt18-BL-J7,WT,Mut,Mut,Mut,pt18-BL,RIS,leukemic,LMPP
S8PL13-pt18-BL-J9,WT,Mut,Mut,Undetected,pt18-BL,RI,leukemic,MPP
S8PL13-pt18-BL-K1,WT,Mut,Mut,Mut,pt18-BL,RIS,leukemic,LMPP
S8PL13-pt18-BL-K11,WT,Mut,Mut,Mut,pt18-BL,RIS,leukemic,LMPP
S8PL13-pt18-BL-K15,WT,Mut,Mut,Mut,pt18-BL,RIS,leukemic,GMP
S8PL13-pt18-BL-K17,WT,WT,WT,WT,pt18-BL,WT,non-leukemic,Lin-Mature
S8PL13-pt18-BL-K3,WT,Mut,Mut,Mut,pt18-BL,RIS,leukemic,GMP
S8PL13-pt18-BL-K5,WT,WT,WT,WT,pt18-BL,WT,non-leukemic,HSC
S8PL13-pt18-BL-K7,WT,Mut,Mut,Mut,pt18-BL,RIS,leukemic,LMPP
S8PL13-pt18-BL-L1,WT,Mut,Mut,Undetermined,pt18-BL,RI,leukemic,LMPP
S8PL13-pt18-BL-L11,WT,Mut,Mut,Mut,pt18-BL,RIS,leukemic,LMPP
S8PL13-pt18-BL-L13,Mut,WT,WT,WT,pt18-BL,A,non-leukemic,Lin-Mature
S8PL13-pt18-BL-L17,WT,Mut,Mut,WT,pt18-BL,RI,leukemic,GMP
S8PL13-pt18-BL-L5,WT,WT,WT,WT,pt18-BL,WT,non-leukemic,HSC
S8PL13-pt18-BL-L7,WT,Mut,Mut,Mut,pt18-BL,RIS,leukemic,GMP
S8PL13-pt18-BL-L9,WT,Mut,Mut,Mut,pt18-BL,RIS,leukemic,GMP
S8PL13-pt18-BL-M1,WT,Mut,Mut,Mut,pt18-BL,RIS,leukemic,LMPP
S8PL13-pt18-BL-M11,WT,Mut,Mut,Mut,pt18-BL,RIS,leukemic,GMP
S8PL13-pt18-BL-M5,WT,Mut,Mut,Mut,pt18-BL,RIS,leukemic,LMPP
S8PL13-pt18-BL-M7,WT,Mut,Mut,Mut,pt18-BL,RIS,leukemic,GMP
S8PL13-pt18-BL-N1,WT,Mut,Mut,Mut,pt18-BL,RIS,leukemic,GMP
S8PL13-pt18-BL-N13,WT,Mut,Mut,Mut,pt18-BL,RIS,leukemic,GMP
S8PL13-pt18-BL-N3,WT,Mut,Mut,Mut,pt18-BL,RIS,leukemic,LMPP
S8PL13-pt18-BL-N5,WT,Mut,Mut,Mut,pt18-BL,RIS,leukemic,GMP
S8PL13-pt18-BL-O17,WT,Mut,Mut,Undetermined,pt18-BL,RI,leukemic,LMPP
S8PL13-pt18-BL-O3,WT,WT,Mut,Mut,pt18-BL,RIS,leukemic,GMP
S8PL13-pt18-BL-O5,WT,Mut,Mut,WT,pt18-BL,RI,leukemic,LMPP
S8PL13-pt18-BL-O9,WT,Mut,Mut,Undetected,pt18-BL,RI,leukemic,LMPP
S8PL13-pt18-BL-P1,WT,Mut,Mut,Mut,pt18-BL,RIS,leukemic,GMP
S8PL13-pt18-BL-P11,WT,Mut,Mut,Mut,pt18-BL,RIS,leukemic,GMP
S8PL13-pt18-BL-P17,WT,Mut,Mut,Mut,pt18-BL,RIS,leukemic,Precursor
S8PL13-pt18-BL-P3,WT,Mut,Mut,Mut,pt18-BL,RIS,leukemic,LMPP
S8PL13-pt18-BL-P5,WT,Mut,Mut,Mut,pt18-BL,RIS,leukemic,GMP
S8PL13-pt18-BL-P7,WT,Mut,Mut,Mut,pt18-BL,RIS,leukemic,GMP
S8PL2-pt18-BL-A1,WT,Mut,Mut,Mut,pt18-BL,RIS,leukemic,LMPP
S8PL2-pt18-BL-A11,WT,Mut,Mut,WT,pt18-BL,RI,leukemic,GMP
S8PL2-pt18-BL-A13,WT,Mut,Mut,WT,pt18-BL,RI,leukemic,GMP
S8PL2-pt18-BL-A15,WT,Mut,Mut,Mut,pt18-BL,RIS,leukemic,GMP
S8PL2-pt18-BL-A3,WT,Mut,Mut,Mut,pt18-BL,RIS,leukemic,LMPP
S8PL2-pt18-BL-A5,WT,WT,WT,WT,pt18-BL,WT,non-leukemic,HSC
S8PL2-pt18-BL-A7,WT,Mut,Mut,Mut,pt18-BL,RIS,leukemic,LMPP
S8PL2-pt18-BL-A9,WT,Mut,Mut,Mut,pt18-BL,RIS,leukemic,LMPP
S8PL2-pt18-BL-B1,WT,WT,Mut,Mut,pt18-BL,RIS,leukemic,GMP
S8PL2-pt18-BL-B11,WT,Mut,Mut,Mut,pt18-BL,RIS,leukemic,LMPP
S8PL2-pt18-BL-B13,WT,Mut,Mut,Mut,pt18-BL,RIS,leukemic,LMPP
S8PL2-pt18-BL-B17,WT,WT,WT,WT,pt18-BL,WT,non-leukemic,Lin-Mature
S8PL2-pt18-BL-B19,WT,Mut,Mut,Mut,pt18-BL,RIS,leukemic,Precursor
S8PL2-pt18-BL-B21,Mut,WT,WT,Undetected,pt18-BL,A,non-leukemic,Lin+
S8PL2-pt18-BL-B3,WT,Mut,Mut,Mut,pt18-BL,RIS,leukemic,GMP
S8PL2-pt18-BL-B5,WT,Mut,Mut,Mut,pt18-BL,RIS,leukemic,LMPP
S8PL2-pt18-BL-B9,Mut,WT,WT,WT,pt18-BL,A,non-leukemic,CMP
S8PL2-pt18-BL-C1,WT,Mut,Mut,Mut,pt18-BL,RIS,leukemic,GMP
S8PL2-pt18-BL-C11,WT,WT,WT,WT,pt18-BL,WT,non-leukemic,CMP
S8PL2-pt18-BL-C13,WT,Mut,Mut,Mut,pt18-BL,RIS,leukemic,LMPP
S8PL2-pt18-BL-C15,WT,Mut,Mut,Mut,pt18-BL,RIS,leukemic,GMP
S8PL2-pt18-BL-C17,WT,Mut,Mut,Undetected,pt18-BL,RI,leukemic,Precursor
S8PL2-pt18-BL-C19,WT,Mut,Mut,Undetected,pt18-BL,RI,leukemic,Lin-Mature
S8PL2-pt18-BL-C3,WT,Mut,Mut,Undetected,pt18-BL,RI,leukemic,GMP
S8PL2-pt18-BL-C5,WT,Mut,Mut,Mut,pt18-BL,RIS,leukemic,LMPP
S8PL2-pt18-BL-C7,WT,Mut,Mut,Mut,pt18-BL,RIS,leukemic,LMPP
S8PL2-pt18-BL-C9,WT,Mut,Mut,Mut,pt18-BL,RIS,leukemic,LMPP
S8PL2-pt18-BL-D1,WT,Mut,Mut,Mut,pt18-BL,RIS,leukemic,GMP
S8PL2-pt18-BL-D11,WT,Mut,Mut,Mut,pt18-BL,RIS,leukemic,GMP
S8PL2-pt18-BL-D13,WT,WT,WT,Undetected,pt18-BL,WT,non-leukemic,LMPP
S8PL2-pt18-BL-D15,WT,Mut,Mut,Mut,pt18-BL,RIS,leukemic,GMP
S8PL2-pt18-BL-D17,WT,Mut,WT,Undetected,pt18-BL,RI,leukemic,Lin+
S8PL2-pt18-BL-D3,WT,Mut,Mut,Undetected,pt18-BL,RI,leukemic,LMPP
S8PL2-pt18-BL-D5,WT,Mut,Mut,Mut,pt18-BL,RIS,leukemic,LMPP
S8PL2-pt18-BL-D7,WT,Mut,Mut,Mut,pt18-BL,RIS,leukemic,GMP
S8PL2-pt18-BL-D9,Undetermined,Undetermined,WT,WT,pt18-BL,Undetermined,Undetermined,HSC
S8PL2-pt18-BL-E1,WT,Mut,Mut,Mut,pt18-BL,RIS,leukemic,GMP
S8PL2-pt18-BL-E11,WT,Mut,Mut,Mut,pt18-BL,RIS,leukemic,LMPP
S8PL2-pt18-BL-E13,WT,Mut,Mut,WT,pt18-BL,RI,leukemic,LMPP
S8PL2-pt18-BL-E15,WT,Mut,Mut,Undetected,pt18-BL,RI,leukemic,GMP
S8PL2-pt18-BL-E5,WT,Mut,Mut,WT,pt18-BL,RI,leukemic,LMPP
S8PL2-pt18-BL-E7,WT,Mut,Mut,Mut,pt18-BL,RIS,leukemic,LMPP
S8PL2-pt18-BL-E9,WT,Mut,Mut,Mut,pt18-BL,RIS,leukemic,LMPP
S8PL2-pt18-BL-F1,WT,Mut,Mut,Undetected,pt18-BL,RI,leukemic,GMP
S8PL2-pt18-BL-F11,WT,Undetermined,Mut,Mut,pt18-BL,RIS,leukemic,LMPP
S8PL2-pt18-BL-F13,Undetermined,Mut,Mut,Mut,pt18-BL,RIS,leukemic,LMPP
S8PL2-pt18-BL-F15,WT,Mut,Mut,Undetermined,pt18-BL,RI,leukemic,LMPP
S8PL2-pt18-BL-F17,Mut,WT,WT,WT,pt18-BL,A,non-leukemic,Lin+
S8PL2-pt18-BL-F19,WT,Mut,Mut,Undetected,pt18-BL,RI,leukemic,Lin+
S8PL2-pt18-BL-F3,WT,Mut,Mut,Mut,pt18-BL,RIS,leukemic,GMP
S8PL2-pt18-BL-F5,WT,Mut,Mut,Mut,pt18-BL,RIS,leukemic,LMPP
S8PL2-pt18-BL-F7,WT,Mut,Mut,Mut,pt18-BL,RIS,leukemic,GMP
S8PL2-pt18-BL-F9,WT,Mut,Mut,WT,pt18-BL,RI,leukemic,GMP
S8PL2-pt18-BL-G11,WT,Mut,Mut,Mut,pt18-BL,RIS,leukemic,GMP
S8PL2-pt18-BL-G13,WT,Mut,Mut,Mut,pt18-BL,RIS,leukemic,LMPP
S8PL2-pt18-BL-G15,WT,Mut,Mut,Undetected,pt18-BL,RI,leukemic,GMP
S8PL2-pt18-BL-G17,WT,Mut,Mut,WT,pt18-BL,RI,leukemic,Lin-Mature
S8PL2-pt18-BL-G21,Undetermined,Mut,Mut,WT,pt18-BL,RI,leukemic,LMPP
S8PL2-pt18-BL-G3,WT,Mut,Mut,Undetected,pt18-BL,RI,leukemic,GMP
S8PL2-pt18-BL-G5,WT,WT,Mut,WT,pt18-BL,R,leukemic,HSC
S8PL2-pt18-BL-G7,WT,Mut,Mut,Mut,pt18-BL,RIS,leukemic,LMPP
S8PL2-pt18-BL-G9,WT,Mut,Mut,Mut,pt18-BL,RIS,leukemic,GMP
S8PL2-pt18-BL-H1,WT,Undetermined,Mut,WT,pt18-BL,R,leukemic,GMP
S8PL2-pt18-BL-H11,WT,Mut,Mut,Mut,pt18-BL,RIS,leukemic,GMP
S8PL2-pt18-BL-H13,WT,Mut,Mut,Mut,pt18-BL,RIS,leukemic,GMP
S8PL2-pt18-BL-H15,WT,WT,WT,WT,pt18-BL,WT,non-leukemic,HSC
S8PL2-pt18-BL-H17,WT,Mut,Mut,Mut,pt18-BL,RIS,leukemic,Precursor
S8PL2-pt18-BL-H19,WT,Mut,Mut,Mut,pt18-BL,RIS,leukemic,Lin+
S8PL2-pt18-BL-H21,WT,Mut,Mut,WT,pt18-BL,RI,leukemic,LMPP
S8PL2-pt18-BL-H3,WT,Mut,Mut,Mut,pt18-BL,RIS,leukemic,LMPP
S8PL2-pt18-BL-H5,WT,Mut,Mut,Mut,pt18-BL,RIS,leukemic,GMP
S8PL2-pt18-BL-H7,WT,Mut,Mut,Mut,pt18-BL,RIS,leukemic,Lin+
S8PL2-pt18-BL-H9,WT,Mut,Mut,Mut,pt18-BL,RIS,leukemic,GMP
S8PL2-pt18-BL-I1,WT,Mut,Mut,WT,pt18-BL,RI,leukemic,GMP
S8PL2-pt18-BL-I11,WT,Mut,Mut,Mut,pt18-BL,RIS,leukemic,GMP
S8PL2-pt18-BL-I13,Mut,WT,WT,WT,pt18-BL,A,non-leukemic,HSC
S8PL2-pt18-BL-I15,WT,Mut,Mut,Mut,pt18-BL,RIS,leukemic,Lin+
S8PL2-pt18-BL-I17,WT,Mut,Mut,Undetected,pt18-BL,RI,leukemic,Lin+
S8PL2-pt18-BL-I21,WT,Mut,Mut,Undetermined,pt18-BL,RI,leukemic,LMPP
S8PL2-pt18-BL-I3,WT,Mut,Mut,Mut,pt18-BL,RIS,leukemic,GMP
S8PL2-pt18-BL-I5,WT,Mut,Mut,Mut,pt18-BL,RIS,leukemic,GMP
S8PL2-pt18-BL-I7,WT,Mut,Mut,Undetermined,pt18-BL,RI,leukemic,Lin+
S8PL2-pt18-BL-I9,Undetermined,Mut,Mut,Mut,pt18-BL,RIS,leukemic,GMP
S8PL2-pt18-BL-J1,Mut,WT,WT,WT,pt18-BL,A,non-leukemic,GMP
S8PL2-pt18-BL-J11,WT,Mut,Mut,Mut,pt18-BL,RIS,leukemic,GMP
S8PL2-pt18-BL-J13,WT,Mut,Mut,Undetected,pt18-BL,RI,leukemic,Lin+
S8PL2-pt18-BL-J17,WT,WT,WT,WT,pt18-BL,WT,non-leukemic,Precursor
S8PL2-pt18-BL-J21,WT,Mut,Mut,Mut,pt18-BL,RIS,leukemic,LMPP
S8PL2-pt18-BL-J3,WT,WT,Mut,Mut,pt18-BL,RIS,leukemic,GMP
S8PL2-pt18-BL-J5,WT,Mut,Mut,Mut,pt18-BL,RIS,leukemic,LMPP
S8PL2-pt18-BL-J7,WT,Mut,Mut,Mut,pt18-BL,RIS,leukemic,GMP
S8PL2-pt18-BL-J9,WT,Mut,Mut,Mut,pt18-BL,RIS,leukemic,LMPP
S8PL2-pt18-BL-K1,WT,Mut,Mut,Undetermined,pt18-BL,RI,leukemic,LMPP
S8PL2-pt18-BL-K11,WT,WT,WT,WT,pt18-BL,WT,non-leukemic,HSC
S8PL2-pt18-BL-K13,WT,Mut,Mut,Mut,pt18-BL,RIS,leukemic,GMP
S8PL2-pt18-BL-K15,WT,Mut,Mut,Mut,pt18-BL,RIS,leukemic,LMPP
S8PL2-pt18-BL-K21,WT,Mut,Mut,Mut,pt18-BL,RIS,leukemic,GMP
S8PL2-pt18-BL-K3,WT,Mut,Mut,Mut,pt18-BL,RIS,leukemic,GMP
S8PL2-pt18-BL-K5,WT,Mut,Mut,Mut,pt18-BL,RIS,leukemic,GMP
S8PL2-pt18-BL-K7,Undetermined,Mut,Mut,Mut,pt18-BL,RIS,leukemic,Precursor
S8PL2-pt18-BL-K9,WT,WT,WT,WT,pt18-BL,WT,non-leukemic,GMP
S8PL2-pt18-BL-L1,WT,Mut,Mut,Mut,pt18-BL,RIS,leukemic,GMP
S8PL2-pt18-BL-L11,WT,Mut,Mut,Mut,pt18-BL,RIS,leukemic,LMPP
S8PL2-pt18-BL-L13,WT,Mut,Mut,Mut,pt18-BL,RIS,leukemic,LMPP
S8PL2-pt18-BL-L15,WT,Mut,Mut,Mut,pt18-BL,RIS,leukemic,LMPP
S8PL2-pt18-BL-L21,WT,Mut,Mut,Mut,pt18-BL,RIS,leukemic,LMPP
S8PL2-pt18-BL-L3,WT,WT,WT,WT,pt18-BL,WT,non-leukemic,HSC
S8PL2-pt18-BL-L5,Undetermined,Mut,Mut,Mut,pt18-BL,RIS,leukemic,LMPP
S8PL2-pt18-BL-L7,WT,Undetermined,Mut,Mut,pt18-BL,RIS,leukemic,LMPP
S8PL2-pt18-BL-L9,WT,Mut,Mut,Mut,pt18-BL,RIS,leukemic,GMP
S8PL2-pt18-BL-M1,WT,Mut,Mut,WT,pt18-BL,RI,leukemic,GMP
S8PL2-pt18-BL-M11,WT,Mut,Mut,Mut,pt18-BL,RIS,leukemic,GMP
S8PL2-pt18-BL-M13,WT,Mut,Mut,Mut,pt18-BL,RIS,leukemic,LMPP
S8PL2-pt18-BL-M15,WT,Mut,Mut,Mut,pt18-BL,RIS,leukemic,GMP
S8PL2-pt18-BL-M21,WT,Mut,Mut,Undetected,pt18-BL,RI,leukemic,GMP
S8PL2-pt18-BL-M3,WT,Mut,Mut,Mut,pt18-BL,RIS,leukemic,GMP
S8PL2-pt18-BL-M5,WT,Mut,Mut,Undetermined,pt18-BL,RI,leukemic,LMPP
S8PL2-pt18-BL-M7,WT,Mut,Mut,Mut,pt18-BL,RIS,leukemic,GMP
S8PL2-pt18-BL-M9,WT,Mut,Mut,WT,pt18-BL,RI,leukemic,GMP
S8PL2-pt18-BL-N1,WT,Mut,Mut,Mut,pt18-BL,RIS,leukemic,B-NK
S8PL2-pt18-BL-N11,WT,Mut,Mut,Mut,pt18-BL,RIS,leukemic,LMPP
S8PL2-pt18-BL-N13,WT,Mut,Mut,Mut,pt18-BL,RIS,leukemic,LMPP
S8PL2-pt18-BL-N15,WT,Mut,Mut,WT,pt18-BL,RI,leukemic,LMPP
S8PL2-pt18-BL-N17,WT,Mut,Mut,WT,pt18-BL,RI,leukemic,Lin+
S8PL2-pt18-BL-N21,WT,Mut,Mut,WT,pt18-BL,RI,leukemic,LMPP
S8PL2-pt18-BL-N3,WT,Mut,Mut,Mut,pt18-BL,RIS,leukemic,Precursor
S8PL2-pt18-BL-N5,WT,Mut,Mut,Mut,pt18-BL,RIS,leukemic,GMP
S8PL2-pt18-BL-N7,WT,Mut,Mut,WT,pt18-BL,RI,leukemic,GMP
S8PL2-pt18-BL-N9,WT,Mut,Mut,Mut,pt18-BL,RIS,leukemic,GMP
S8PL2-pt18-BL-O1,WT,Mut,Mut,Mut,pt18-BL,RIS,leukemic,GMP
S8PL2-pt18-BL-O11,WT,Mut,Mut,Mut,pt18-BL,RIS,leukemic,GMP
S8PL2-pt18-BL-O13,WT,Mut,Mut,Mut,pt18-BL,RIS,leukemic,LMPP
S8PL2-pt18-BL-O15,WT,Mut,Mut,WT,pt18-BL,RI,leukemic,LMPP
S8PL2-pt18-BL-O17,WT,Mut,Mut,WT,pt18-BL,RI,leukemic,Lin+
S8PL2-pt18-BL-O21,WT,Mut,Mut,Mut,pt18-BL,RIS,leukemic,GMP
S8PL2-pt18-BL-O3,WT,Mut,Mut,WT,pt18-BL,RI,leukemic,GMP
S8PL2-pt18-BL-O5,WT,Mut,Mut,Mut,pt18-BL,RIS,leukemic,LMPP
S8PL2-pt18-BL-O7,WT,WT,WT,WT,pt18-BL,WT,non-leukemic,HSC
S8PL2-pt18-BL-O9,WT,Mut,Mut,WT,pt18-BL,RI,leukemic,GMP
S8PL2-pt18-BL-P1,WT,Mut,Mut,Mut,pt18-BL,RIS,leukemic,GMP
S8PL2-pt18-BL-P11,WT,Mut,Mut,Mut,pt18-BL,RIS,leukemic,LMPP
S8PL2-pt18-BL-P13,WT,Mut,WT,Mut,pt18-BL,RIS,leukemic,Precursor
S8PL2-pt18-BL-P15,WT,Mut,Mut,WT,pt18-BL,RI,leukemic,LMPP
S8PL2-pt18-BL-P19,WT,Undetected,Mut,WT,pt18-BL,R,leukemic,Lin+
S8PL2-pt18-BL-P21,WT,Mut,Mut,Mut,pt18-BL,RIS,leukemic,GMP
S8PL2-pt18-BL-P3,WT,Mut,Mut,Mut,pt18-BL,RIS,leukemic,LMPP
S8PL2-pt18-BL-P5,WT,WT,WT,WT,pt18-BL,WT,non-leukemic,HSC
S8PL2-pt18-BL-P7,WT,Mut,Mut,Mut,pt18-BL,RIS,leukemic,GMP
S8PL2-pt18-BL-P9,WT,Mut,Mut,Mut,pt18-BL,RIS,leukemic,GMP
S8PL3-pt18-BL-A1,WT,Mut,Mut,Mut,pt18-BL,RIS,leukemic,GMP
S8PL3-pt18-BL-A11,WT,Mut,Mut,Mut,pt18-BL,RIS,leukemic,LMPP
S8PL3-pt18-BL-A13,WT,Mut,Mut,Mut,pt18-BL,RIS,leukemic,LMPP
S8PL3-pt18-BL-A15,WT,Mut,Mut,Mut,pt18-BL,RIS,leukemic,LMPP
S8PL3-pt18-BL-A17,WT,Mut,Mut,Mut,pt18-BL,RIS,leukemic,Lin+
S8PL3-pt18-BL-A3,WT,Mut,Mut,Mut,pt18-BL,RIS,leukemic,LMPP
S8PL3-pt18-BL-A5,WT,Mut,Mut,Mut,pt18-BL,RIS,leukemic,GMP
S8PL3-pt18-BL-A7,WT,Mut,Mut,Undetected,pt18-BL,RI,leukemic,Lin+
S8PL3-pt18-BL-A9,Undetermined,Mut,Mut,WT,pt18-BL,RI,leukemic,GMP
S8PL3-pt18-BL-B1,WT,WT,Mut,WT,pt18-BL,R,leukemic,LMPP
S8PL3-pt18-BL-B11,WT,Mut,Mut,Mut,pt18-BL,RIS,leukemic,GMP
S8PL3-pt18-BL-B13,WT,Mut,Mut,Mut,pt18-BL,RIS,leukemic,LMPP
S8PL3-pt18-BL-B15,WT,Mut,Mut,Mut,pt18-BL,RIS,leukemic,GMP
S8PL3-pt18-BL-B17,WT,WT,WT,WT,pt18-BL,WT,non-leukemic,Lin-Mature
S8PL3-pt18-BL-B19,WT,Mut,Mut,Mut,pt18-BL,RIS,leukemic,Lin+
S8PL3-pt18-BL-B3,WT,Mut,Mut,Mut,pt18-BL,RIS,leukemic,LMPP
S8PL3-pt18-BL-B5,WT,Mut,Mut,Mut,pt18-BL,RIS,leukemic,GMP
S8PL3-pt18-BL-B7,WT,Mut,Mut,Mut,pt18-BL,RIS,leukemic,GMP
S8PL3-pt18-BL-B9,WT,Mut,Mut,Mut,pt18-BL,RIS,leukemic,LMPP
S8PL3-pt18-BL-C1,WT,Mut,Mut,Mut,pt18-BL,RIS,leukemic,LMPP
S8PL3-pt18-BL-C11,WT,Mut,Mut,WT,pt18-BL,RI,leukemic,Lin-Mature
S8PL3-pt18-BL-C13,WT,Mut,Mut,Mut,pt18-BL,RIS,leukemic,LMPP
S8PL3-pt18-BL-C15,WT,Mut,Mut,Mut,pt18-BL,RIS,leukemic,GMP
S8PL3-pt18-BL-C17,WT,Mut,Mut,Mut,pt18-BL,RIS,leukemic,LMPP
S8PL3-pt18-BL-C21,WT,Mut,Mut,WT,pt18-BL,RI,leukemic,Lin+
S8PL3-pt18-BL-C3,WT,Mut,Mut,Mut,pt18-BL,RIS,leukemic,Precursor
S8PL3-pt18-BL-C5,WT,Mut,Mut,Mut,pt18-BL,RIS,leukemic,GMP
S8PL3-pt18-BL-C7,WT,Mut,Mut,WT,pt18-BL,RI,leukemic,GMP
S8PL3-pt18-BL-C9,WT,Mut,Mut,WT,pt18-BL,RI,leukemic,LMPP
S8PL3-pt18-BL-D1,Undetermined,Mut,Mut,Mut,pt18-BL,RIS,leukemic,LMPP
S8PL3-pt18-BL-D11,WT,Mut,Mut,Mut,pt18-BL,RIS,leukemic,LMPP
S8PL3-pt18-BL-D15,WT,Mut,Mut,Mut,pt18-BL,RIS,leukemic,LMPP
S8PL3-pt18-BL-D17,Mut,WT,WT,WT,pt18-BL,A,non-leukemic,Lin-Mature
S8PL3-pt18-BL-D19,WT,Mut,Mut,Mut,pt18-BL,RIS,leukemic,Lin+
S8PL3-pt18-BL-D3,Mut,WT,WT,WT,pt18-BL,A,non-leukemic,Precursor
S8PL3-pt18-BL-D5,WT,Mut,Mut,Mut,pt18-BL,RIS,leukemic,GMP
S8PL3-pt18-BL-D7,WT,WT,WT,WT,pt18-BL,WT,non-leukemic,HSC
S8PL3-pt18-BL-D9,WT,Mut,Mut,Mut,pt18-BL,RIS,leukemic,LMPP
S8PL3-pt18-BL-E1,WT,Mut,Mut,Mut,pt18-BL,RIS,leukemic,LMPP
S8PL3-pt18-BL-E11,WT,Mut,Mut,Mut,pt18-BL,RIS,leukemic,GMP
S8PL3-pt18-BL-E13,WT,Mut,Mut,Mut,pt18-BL,RIS,leukemic,LMPP
S8PL3-pt18-BL-E15,WT,Mut,Mut,Mut,pt18-BL,RIS,leukemic,LMPP
S8PL3-pt18-BL-E17,WT,Mut,Mut,Mut,pt18-BL,RIS,leukemic,LMPP
S8PL3-pt18-BL-E3,WT,Mut,Mut,Mut,pt18-BL,RIS,leukemic,LMPP
S8PL3-pt18-BL-E5,WT,Mut,Mut,Mut,pt18-BL,RIS,leukemic,LMPP
S8PL3-pt18-BL-E7,WT,Mut,Mut,Mut,pt18-BL,RIS,leukemic,LMPP
S8PL3-pt18-BL-E9,WT,Mut,Mut,Mut,pt18-BL,RIS,leukemic,GMP
S8PL3-pt18-BL-F1,WT,Mut,Mut,Mut,pt18-BL,RIS,leukemic,LMPP
S8PL3-pt18-BL-F11,WT,Mut,Mut,Mut,pt18-BL,RIS,leukemic,GMP
S8PL3-pt18-BL-F13,WT,Mut,Mut,Mut,pt18-BL,RIS,leukemic,Lin+
S8PL3-pt18-BL-F15,WT,Mut,Mut,Mut,pt18-BL,RIS,leukemic,GMP
S8PL3-pt18-BL-F17,WT,Mut,Mut,Mut,pt18-BL,RIS,leukemic,LMPP
S8PL3-pt18-BL-F19,Mut,WT,WT,WT,pt18-BL,A,non-leukemic,Lin-Mature
S8PL3-pt18-BL-F21,WT,Mut,Mut,WT,pt18-BL,RI,leukemic,Lin-Mature
S8PL3-pt18-BL-F3,WT,Mut,Mut,Mut,pt18-BL,RIS,leukemic,GMP
S8PL3-pt18-BL-F5,WT,Mut,Mut,Mut,pt18-BL,RIS,leukemic,GMP
S8PL3-pt18-BL-F7,WT,WT,WT,WT,pt18-BL,WT,non-leukemic,HSC
S8PL3-pt18-BL-F9,WT,Mut,Mut,Mut,pt18-BL,RIS,leukemic,LMPP
S8PL3-pt18-BL-G1,WT,WT,WT,WT,pt18-BL,WT,non-leukemic,LMPP
S8PL3-pt18-BL-G11,WT,Mut,Mut,Mut,pt18-BL,RIS,leukemic,LMPP
S8PL3-pt18-BL-G13,WT,Mut,Mut,Undetermined,pt18-BL,RI,leukemic,LMPP
S8PL3-pt18-BL-G15,WT,WT,WT,WT,pt18-BL,WT,non-leukemic,CMP
S8PL3-pt18-BL-G17,WT,Mut,Mut,Mut,pt18-BL,RIS,leukemic,LMPP
S8PL3-pt18-BL-G21,WT,Undetected,Mut,Mut,pt18-BL,RIS,leukemic,LMPP
S8PL3-pt18-BL-G3,WT,Mut,Mut,Mut,pt18-BL,RIS,leukemic,GMP
S8PL3-pt18-BL-G5,WT,WT,Mut,Mut,pt18-BL,RIS,leukemic,GMP
S8PL3-pt18-BL-G7,WT,Mut,Mut,Mut,pt18-BL,RIS,leukemic,LMPP
S8PL3-pt18-BL-G9,WT,Mut,Mut,WT,pt18-BL,RI,leukemic,LMPP
S8PL3-pt18-BL-H1,WT,WT,WT,WT,pt18-BL,WT,non-leukemic,CMP
S8PL3-pt18-BL-H11,WT,Mut,Mut,Mut,pt18-BL,RIS,leukemic,LMPP
S8PL3-pt18-BL-H13,WT,Mut,Mut,Mut,pt18-BL,RIS,leukemic,GMP
S8PL3-pt18-BL-H15,WT,Mut,Mut,Mut,pt18-BL,RIS,leukemic,GMP
S8PL3-pt18-BL-H17,WT,Mut,Mut,Undetermined,pt18-BL,RI,leukemic,LMPP
S8PL3-pt18-BL-H21,WT,Mut,Mut,WT,pt18-BL,RI,leukemic,LMPP
S8PL3-pt18-BL-H3,WT,Mut,Mut,Mut,pt18-BL,RIS,leukemic,GMP
S8PL3-pt18-BL-H5,WT,Mut,Mut,Mut,pt18-BL,RIS,leukemic,Precursor
S8PL3-pt18-BL-H7,WT,Mut,Mut,Mut,pt18-BL,RIS,leukemic,GMP
S8PL3-pt18-BL-H9,WT,Mut,Mut,Mut,pt18-BL,RIS,leukemic,LMPP
S8PL3-pt18-BL-I1,WT,WT,WT,WT,pt18-BL,WT,non-leukemic,HSC
S8PL3-pt18-BL-I11,WT,Mut,Mut,Undetected,pt18-BL,RI,leukemic,GMP
S8PL3-pt18-BL-I13,WT,Mut,Mut,Mut,pt18-BL,RIS,leukemic,LMPP
S8PL3-pt18-BL-I15,WT,Mut,Mut,Mut,pt18-BL,RIS,leukemic,LMPP
S8PL3-pt18-BL-I17,WT,Mut,Mut,WT,pt18-BL,RI,leukemic,GMP
S8PL3-pt18-BL-I21,WT,Mut,Mut,Undetected,pt18-BL,RI,leukemic,LMPP
S8PL3-pt18-BL-I3,WT,Mut,Mut,Mut,pt18-BL,RIS,leukemic,LMPP
S8PL3-pt18-BL-I5,WT,Mut,Mut,Mut,pt18-BL,RIS,leukemic,GMP
S8PL3-pt18-BL-I7,WT,Mut,Mut,WT,pt18-BL,RI,leukemic,GMP
S8PL3-pt18-BL-I9,WT,Mut,Mut,Mut,pt18-BL,RIS,leukemic,GMP
S8PL3-pt18-BL-J1,WT,Mut,Mut,Mut,pt18-BL,RIS,leukemic,GMP
S8PL3-pt18-BL-J11,WT,Mut,Mut,WT,pt18-BL,RI,leukemic,LMPP
S8PL3-pt18-BL-J13,WT,Mut,Mut,Undetermined,pt18-BL,RI,leukemic,LMPP
S8PL3-pt18-BL-J15,WT,Mut,Mut,Mut,pt18-BL,RIS,leukemic,GMP
S8PL3-pt18-BL-J17,WT,Mut,Mut,Mut,pt18-BL,RIS,leukemic,GMP
S8PL3-pt18-BL-J19,Mut,WT,Undetermined,Undetected,pt18-BL,A,non-leukemic,Lin+
S8PL3-pt18-BL-J21,WT,Mut,Mut,Mut,pt18-BL,RIS,leukemic,LMPP
S8PL3-pt18-BL-J3,WT,Mut,Mut,Mut,pt18-BL,RIS,leukemic,GMP
S8PL3-pt18-BL-J5,WT,Mut,Mut,Mut,pt18-BL,RIS,leukemic,LMPP
S8PL3-pt18-BL-J7,WT,Mut,Mut,WT,pt18-BL,RI,leukemic,GMP
S8PL3-pt18-BL-J9,WT,Mut,Mut,Mut,pt18-BL,RIS,leukemic,LMPP
S8PL3-pt18-BL-K1,WT,Mut,Mut,Mut,pt18-BL,RIS,leukemic,LMPP
S8PL3-pt18-BL-K11,WT,Mut,Mut,Mut,pt18-BL,RIS,leukemic,LMPP
S8PL3-pt18-BL-K13,WT,Mut,Mut,Mut,pt18-BL,RIS,leukemic,LMPP
S8PL3-pt18-BL-K15,WT,Mut,Mut,WT,pt18-BL,RI,leukemic,GMP
S8PL3-pt18-BL-K21,WT,Mut,Mut,Mut,pt18-BL,RIS,leukemic,LMPP
S8PL3-pt18-BL-K3,WT,Mut,Mut,Mut,pt18-BL,RIS,leukemic,LMPP
S8PL3-pt18-BL-K5,WT,WT,Mut,Undetected,pt18-BL,R,leukemic,Lin+
S8PL3-pt18-BL-K7,WT,WT,WT,WT,pt18-BL,WT,non-leukemic,HSC
S8PL3-pt18-BL-K9,WT,Mut,Mut,Mut,pt18-BL,RIS,leukemic,LMPP
S8PL3-pt18-BL-L1,WT,Mut,Mut,WT,pt18-BL,RI,leukemic,GMP
S8PL3-pt18-BL-L11,WT,Mut,Mut,Mut,pt18-BL,RIS,leukemic,LMPP
S8PL3-pt18-BL-L13,WT,Mut,Mut,Mut,pt18-BL,RIS,leukemic,LMPP
S8PL3-pt18-BL-L15,WT,Mut,Mut,Mut,pt18-BL,RIS,leukemic,LMPP
S8PL3-pt18-BL-L17,WT,Mut,Mut,Undetermined,pt18-BL,RI,leukemic,LMPP
S8PL3-pt18-BL-L21,WT,Mut,Mut,Mut,pt18-BL,RIS,leukemic,LMPP
S8PL3-pt18-BL-L3,WT,Mut,Mut,Mut,pt18-BL,RIS,leukemic,GMP
S8PL3-pt18-BL-L5,WT,Mut,Mut,Mut,pt18-BL,RIS,leukemic,LMPP
S8PL3-pt18-BL-L7,WT,Mut,Mut,Mut,pt18-BL,RIS,leukemic,GMP
S8PL3-pt18-BL-L9,WT,Mut,Mut,WT,pt18-BL,RI,leukemic,GMP
S8PL3-pt18-BL-M1,WT,WT,Undetermined,WT,pt18-BL,WT,non-leukemic,HSC
S8PL3-pt18-BL-M11,WT,Mut,Mut,Undetected,pt18-BL,RI,leukemic,LMPP
S8PL3-pt18-BL-M13,WT,WT,WT,WT,pt18-BL,WT,non-leukemic,HSC
S8PL3-pt18-BL-M21,WT,Mut,Mut,Mut,pt18-BL,RIS,leukemic,LMPP
S8PL3-pt18-BL-M3,WT,Mut,Mut,Mut,pt18-BL,RIS,leukemic,GMP
S8PL3-pt18-BL-M5,WT,Mut,Mut,Mut,pt18-BL,RIS,leukemic,LMPP
S8PL3-pt18-BL-M7,WT,Mut,Mut,Mut,pt18-BL,RIS,leukemic,GMP
S8PL3-pt18-BL-M9,WT,Mut,Mut,Undetected,pt18-BL,RI,leukemic,LMPP
S8PL3-pt18-BL-N1,Mut,Mut,Mut,WT,pt18-BL,Undetermined,Undetermined,GMP
S8PL3-pt18-BL-N11,WT,Mut,Mut,Mut,pt18-BL,RIS,leukemic,LMPP
S8PL3-pt18-BL-N13,WT,Mut,Mut,Mut,pt18-BL,RIS,leukemic,GMP
S8PL3-pt18-BL-N15,WT,Mut,Mut,Mut,pt18-BL,RIS,leukemic,LMPP
S8PL3-pt18-BL-N21,Mut,WT,WT,WT,pt18-BL,A,non-leukemic,HSC
S8PL3-pt18-BL-N3,WT,Mut,Mut,Undetected,pt18-BL,RI,leukemic,GMP
S8PL3-pt18-BL-N5,WT,Mut,Mut,Undetermined,pt18-BL,RI,leukemic,LMPP
S8PL3-pt18-BL-N9,WT,Mut,Mut,Mut,pt18-BL,RIS,leukemic,GMP
S8PL3-pt18-BL-O11,WT,WT,WT,WT,pt18-BL,WT,non-leukemic,HSC
S8PL3-pt18-BL-O15,WT,Mut,Mut,Undetected,pt18-BL,RI,leukemic,LMPP
S8PL3-pt18-BL-O19,WT,Mut,Mut,Undetected,pt18-BL,RI,leukemic,Lin+
S8PL3-pt18-BL-O21,WT,Mut,Mut,Mut,pt18-BL,RIS,leukemic,GMP
S8PL3-pt18-BL-O5,WT,Mut,Mut,Undetected,pt18-BL,RI,leukemic,GMP
S8PL3-pt18-BL-O7,WT,Mut,Mut,Undetected,pt18-BL,RI,leukemic,Precursor
S8PL3-pt18-BL-O9,WT,Mut,Mut,WT,pt18-BL,RI,leukemic,LMPP
S8PL3-pt18-BL-P1,WT,Mut,Mut,Mut,pt18-BL,RIS,leukemic,GMP
S8PL3-pt18-BL-P11,WT,Mut,Mut,Mut,pt18-BL,RIS,leukemic,LMPP
S8PL3-pt18-BL-P13,WT,WT,Mut,Undetected,pt18-BL,R,leukemic,LMPP
S8PL3-pt18-BL-P15,WT,Mut,Mut,WT,pt18-BL,RI,leukemic,Precursor
S8PL3-pt18-BL-P17,WT,Mut,Mut,Mut,pt18-BL,RIS,leukemic,GMP
S8PL3-pt18-BL-P21,WT,Mut,Mut,Mut,pt18-BL,RIS,leukemic,GMP
S8PL3-pt18-BL-P3,WT,Mut,Mut,Mut,pt18-BL,RIS,leukemic,LMPP
S8PL3-pt18-BL-P5,WT,WT,WT,WT,pt18-BL,WT,non-leukemic,HSC
S8PL3-pt18-BL-P7,WT,Mut,Mut,WT,pt18-BL,RI,leukemic,GMP
S8PL3-pt18-BL-P9,WT,Mut,Mut,Mut,pt18-BL,RIS,leukemic,GMP
S8PL4-pt18-BL-A1,WT,Mut,Mut,Mut,pt18-BL,RIS,leukemic,GMP
S8PL4-pt18-BL-A11,WT,Mut,Mut,Undetected,pt18-BL,RI,leukemic,GMP
S8PL4-pt18-BL-A15,WT,Mut,Mut,Mut,pt18-BL,RIS,leukemic,GMP
S8PL4-pt18-BL-A17,WT,WT,Undetermined,Undetected,pt18-BL,Undetermined,Undetermined,Lin+
S8PL4-pt18-BL-A3,WT,WT,WT,WT,pt18-BL,WT,non-leukemic,HSC
S8PL4-pt18-BL-A7,WT,Mut,Mut,WT,pt18-BL,RI,leukemic,Precursor
S8PL4-pt18-BL-A9,WT,Mut,Mut,Mut,pt18-BL,RIS,leukemic,GMP
S8PL4-pt18-BL-B1,WT,Mut,Mut,Mut,pt18-BL,RIS,leukemic,LMPP
S8PL4-pt18-BL-B11,WT,Mut,Mut,Mut,pt18-BL,RIS,leukemic,GMP
S8PL4-pt18-BL-B13,WT,Mut,Mut,Mut,pt18-BL,RIS,leukemic,GMP
S8PL4-pt18-BL-B3,WT,WT,WT,WT,pt18-BL,WT,non-leukemic,HSC
S8PL4-pt18-BL-B5,WT,Mut,Mut,Mut,pt18-BL,RIS,leukemic,GMP
S8PL4-pt18-BL-C1,WT,WT,Mut,Mut,pt18-BL,RIS,leukemic,GMP
S8PL4-pt18-BL-C11,WT,WT,WT,WT,pt18-BL,WT,non-leukemic,HSC
S8PL4-pt18-BL-C15,WT,Mut,Mut,Mut,pt18-BL,RIS,leukemic,LMPP
S8PL4-pt18-BL-C21,WT,Mut,Mut,Mut,pt18-BL,RIS,leukemic,Lin-Mature
S8PL4-pt18-BL-C3,WT,Mut,Mut,Mut,pt18-BL,RIS,leukemic,GMP
S8PL4-pt18-BL-C5,WT,Mut,Mut,Mut,pt18-BL,RIS,leukemic,LMPP
S8PL4-pt18-BL-C7,WT,Mut,Mut,Mut,pt18-BL,RIS,leukemic,LMPP
S8PL4-pt18-BL-D1,WT,Mut,Mut,Mut,pt18-BL,RIS,leukemic,LMPP
S8PL4-pt18-BL-D13,WT,Mut,Mut,Undetected,pt18-BL,RI,leukemic,LMPP
S8PL4-pt18-BL-D17,WT,Mut,Mut,Undetected,pt18-BL,RI,leukemic,Lin-Mature
S8PL4-pt18-BL-D3,WT,Mut,Mut,WT,pt18-BL,RI,leukemic,GMP
S8PL4-pt18-BL-D5,WT,Mut,Mut,WT,pt18-BL,RI,leukemic,GMP
S8PL4-pt18-BL-D7,WT,Mut,Mut,Mut,pt18-BL,RIS,leukemic,GMP
S8PL4-pt18-BL-D9,Undetermined,Mut,Mut,Mut,pt18-BL,RIS,leukemic,GMP
S8PL4-pt18-BL-E1,WT,Mut,Mut,Mut,pt18-BL,RIS,leukemic,GMP
S8PL4-pt18-BL-E11,WT,Mut,Mut,Mut,pt18-BL,RIS,leukemic,GMP
S8PL4-pt18-BL-E13,WT,Mut,Mut,Mut,pt18-BL,RIS,leukemic,GMP
S8PL4-pt18-BL-E15,WT,Mut,Mut,WT,pt18-BL,RI,leukemic,LMPP
S8PL4-pt18-BL-E3,WT,Mut,Mut,WT,pt18-BL,RI,leukemic,GMP
S8PL4-pt18-BL-E7,WT,Mut,Mut,Mut,pt18-BL,RIS,leukemic,LMPP
S8PL4-pt18-BL-E9,WT,Mut,Mut,Mut,pt18-BL,RIS,leukemic,LMPP
S8PL4-pt18-BL-F1,WT,Mut,Mut,Mut,pt18-BL,RIS,leukemic,LMPP
S8PL4-pt18-BL-F11,WT,Mut,Mut,Mut,pt18-BL,RIS,leukemic,GMP
S8PL4-pt18-BL-F13,WT,WT,WT,WT,pt18-BL,WT,non-leukemic,HSC
S8PL4-pt18-BL-F15,WT,Mut,Mut,WT,pt18-BL,RI,leukemic,GMP
S8PL4-pt18-BL-F17,WT,Mut,Mut,Mut,pt18-BL,RIS,leukemic,Precursor
S8PL4-pt18-BL-F3,WT,Mut,Mut,Mut,pt18-BL,RIS,leukemic,LMPP
S8PL4-pt18-BL-F5,Undetermined,WT,WT,WT,pt18-BL,Undetermined,Undetermined,HSC
S8PL4-pt18-BL-F7,WT,Mut,Mut,Mut,pt18-BL,RIS,leukemic,GMP
S8PL4-pt18-BL-F9,WT,Mut,Mut,Mut,pt18-BL,RIS,leukemic,LMPP
S8PL4-pt18-BL-G11,WT,Mut,Mut,Mut,pt18-BL,RIS,leukemic,LMPP
S8PL4-pt18-BL-G13,WT,Mut,Mut,Mut,pt18-BL,RIS,leukemic,LMPP
S8PL4-pt18-BL-G15,WT,Mut,Mut,Mut,pt18-BL,RIS,leukemic,GMP
S8PL4-pt18-BL-G19,WT,WT,WT,WT,pt18-BL,WT,non-leukemic,Lin-Mature
S8PL4-pt18-BL-G3,Undetermined,Mut,Mut,Mut,pt18-BL,RIS,leukemic,GMP
S8PL4-pt18-BL-G5,WT,Undetermined,Mut,Mut,pt18-BL,RIS,leukemic,LMPP
S8PL4-pt18-BL-G7,WT,Mut,Mut,Mut,pt18-BL,RIS,leukemic,LMPP
S8PL4-pt18-BL-G9,WT,Mut,Mut,Mut,pt18-BL,RIS,leukemic,LMPP
S8PL4-pt18-BL-H1,WT,Mut,Mut,Mut,pt18-BL,RIS,leukemic,GMP
S8PL4-pt18-BL-H11,WT,Mut,Mut,Mut,pt18-BL,RIS,leukemic,GMP
S8PL4-pt18-BL-H13,WT,Mut,Mut,Mut,pt18-BL,RIS,leukemic,LMPP
S8PL4-pt18-BL-H17,WT,WT,WT,WT,pt18-BL,WT,non-leukemic,Lin-Mature
S8PL4-pt18-BL-H21,WT,Mut,Mut,Mut,pt18-BL,RIS,leukemic,LMPP
S8PL4-pt18-BL-H3,WT,Mut,Mut,Mut,pt18-BL,RIS,leukemic,GMP
S8PL4-pt18-BL-H5,WT,Mut,Mut,Mut,pt18-BL,RIS,leukemic,GMP
S8PL4-pt18-BL-H7,WT,Mut,Mut,Mut,pt18-BL,RIS,leukemic,GMP
S8PL4-pt18-BL-H9,WT,Mut,Mut,Mut,pt18-BL,RIS,leukemic,GMP
S8PL4-pt18-BL-I1,WT,Mut,Mut,Undetermined,pt18-BL,RI,leukemic,LMPP
S8PL4-pt18-BL-I11,WT,Mut,Mut,WT,pt18-BL,RI,leukemic,GMP
S8PL4-pt18-BL-I13,WT,Mut,Mut,Mut,pt18-BL,RIS,leukemic,GMP
S8PL4-pt18-BL-I15,WT,Mut,Mut,Mut,pt18-BL,RIS,leukemic,GMP
S8PL4-pt18-BL-I21,WT,Undetermined,Mut,Mut,pt18-BL,RIS,leukemic,LMPP
S8PL4-pt18-BL-I3,WT,Mut,Mut,Mut,pt18-BL,RIS,leukemic,GMP
S8PL4-pt18-BL-I5,WT,Mut,Mut,Mut,pt18-BL,RIS,leukemic,LMPP
S8PL4-pt18-BL-I7,WT,Mut,Mut,Mut,pt18-BL,RIS,leukemic,GMP
S8PL4-pt18-BL-I9,WT,Mut,Mut,Mut,pt18-BL,RIS,leukemic,LMPP
S8PL4-pt18-BL-J1,WT,WT,Mut,Mut,pt18-BL,RIS,leukemic,LMPP
S8PL4-pt18-BL-J11,WT,Mut,Mut,Mut,pt18-BL,RIS,leukemic,LMPP
S8PL4-pt18-BL-J13,Undetermined,Mut,Mut,Mut,pt18-BL,RIS,leukemic,LMPP
S8PL4-pt18-BL-J15,WT,Mut,Mut,WT,pt18-BL,RI,leukemic,CMP
S8PL4-pt18-BL-J19,WT,Mut,Mut,WT,pt18-BL,RI,leukemic,Lin-Mature
S8PL4-pt18-BL-J21,WT,Mut,Mut,Undetected,pt18-BL,RI,leukemic,LMPP
S8PL4-pt18-BL-J3,WT,Mut,Mut,Mut,pt18-BL,RIS,leukemic,LMPP
S8PL4-pt18-BL-J5,Undetermined,WT,WT,WT,pt18-BL,Undetermined,Undetermined,HSC
S8PL4-pt18-BL-J7,WT,Mut,Mut,Mut,pt18-BL,RIS,leukemic,LMPP
S8PL4-pt18-BL-K1,WT,Mut,Mut,Mut,pt18-BL,RIS,leukemic,GMP
S8PL4-pt18-BL-K11,WT,Mut,Mut,Mut,pt18-BL,RIS,leukemic,GMP
S8PL4-pt18-BL-K13,WT,Mut,Mut,Mut,pt18-BL,RIS,leukemic,GMP
S8PL4-pt18-BL-K15,WT,Mut,Mut,Undetermined,pt18-BL,RI,leukemic,GMP
S8PL4-pt18-BL-K17,WT,Mut,Mut,Mut,pt18-BL,RIS,leukemic,Lin+
S8PL4-pt18-BL-K21,WT,WT,WT,WT,pt18-BL,WT,non-leukemic,HSC
S8PL4-pt18-BL-K3,WT,Mut,Mut,Mut,pt18-BL,RIS,leukemic,GMP
S8PL4-pt18-BL-K5,WT,Mut,Mut,Mut,pt18-BL,RIS,leukemic,GMP
S8PL4-pt18-BL-K7,WT,Mut,Mut,WT,pt18-BL,RI,leukemic,LMPP
S8PL4-pt18-BL-K9,WT,Mut,Mut,Mut,pt18-BL,RIS,leukemic,GMP
S8PL4-pt18-BL-L1,WT,Mut,Mut,Mut,pt18-BL,RIS,leukemic,GMP
S8PL4-pt18-BL-L11,WT,WT,WT,WT,pt18-BL,WT,non-leukemic,GMP
S8PL4-pt18-BL-L13,Mut,WT,Undetermined,WT,pt18-BL,A,non-leukemic,CMP
S8PL4-pt18-BL-L21,WT,Mut,Mut,Mut,pt18-BL,RIS,leukemic,LMPP
S8PL4-pt18-BL-L3,WT,WT,WT,WT,pt18-BL,WT,non-leukemic,HSC
S8PL4-pt18-BL-L5,WT,WT,Mut,Mut,pt18-BL,RIS,leukemic,GMP
S8PL4-pt18-BL-L7,WT,Mut,Mut,Mut,pt18-BL,RIS,leukemic,Precursor
S8PL4-pt18-BL-L9,WT,Mut,Mut,Mut,pt18-BL,RIS,leukemic,LMPP
S8PL4-pt18-BL-M1,WT,Mut,Mut,Mut,pt18-BL,RIS,leukemic,GMP
S8PL4-pt18-BL-M13,WT,Mut,Mut,Mut,pt18-BL,RIS,leukemic,GMP
S8PL4-pt18-BL-M15,WT,Mut,Mut,Mut,pt18-BL,RIS,leukemic,GMP
S8PL4-pt18-BL-M21,WT,Mut,Mut,Mut,pt18-BL,RIS,leukemic,LMPP
S8PL4-pt18-BL-M3,WT,Mut,Mut,Mut,pt18-BL,RIS,leukemic,GMP
S8PL4-pt18-BL-M5,WT,Undetermined,Mut,Mut,pt18-BL,RIS,leukemic,GMP
S8PL4-pt18-BL-M7,WT,Mut,Mut,Mut,pt18-BL,RIS,leukemic,GMP
S8PL4-pt18-BL-M9,WT,Mut,Mut,Mut,pt18-BL,RIS,leukemic,Precursor
S8PL4-pt18-BL-N1,WT,WT,WT,WT,pt18-BL,WT,non-leukemic,HSC
S8PL4-pt18-BL-N11,WT,Mut,Mut,Mut,pt18-BL,RIS,leukemic,GMP
S8PL4-pt18-BL-N13,WT,Mut,Mut,Mut,pt18-BL,RIS,leukemic,GMP
S8PL4-pt18-BL-N15,WT,Mut,Mut,Mut,pt18-BL,RIS,leukemic,LMPP
S8PL4-pt18-BL-N21,WT,Mut,Mut,Mut,pt18-BL,RIS,leukemic,LMPP
S8PL4-pt18-BL-N3,WT,Mut,Mut,Mut,pt18-BL,RIS,leukemic,GMP
S8PL4-pt18-BL-N5,WT,Undetermined,Mut,Mut,pt18-BL,RIS,leukemic,GMP
S8PL4-pt18-BL-N7,WT,Mut,Mut,Mut,pt18-BL,RIS,leukemic,GMP
S8PL4-pt18-BL-N9,WT,Mut,Mut,Mut,pt18-BL,RIS,leukemic,LMPP
S8PL4-pt18-BL-O1,WT,Undetected,Mut,Undetermined,pt18-BL,R,leukemic,LMPP
S8PL4-pt18-BL-O11,WT,WT,Mut,Mut,pt18-BL,RIS,leukemic,LMPP
S8PL4-pt18-BL-O13,WT,WT,Mut,Mut,pt18-BL,RIS,leukemic,LMPP
S8PL4-pt18-BL-O15,WT,WT,WT,WT,pt18-BL,WT,non-leukemic,HSC
S8PL4-pt18-BL-O21,WT,Mut,Mut,Mut,pt18-BL,RIS,leukemic,GMP
S8PL4-pt18-BL-O3,WT,Mut,Mut,Undetected,pt18-BL,RI,leukemic,LMPP
S8PL4-pt18-BL-O5,WT,Mut,Mut,Mut,pt18-BL,RIS,leukemic,Precursor
S8PL4-pt18-BL-O7,WT,Mut,Mut,Mut,pt18-BL,RIS,leukemic,GMP
S8PL4-pt18-BL-P1,WT,WT,WT,WT,pt18-BL,WT,non-leukemic,HSC
S8PL4-pt18-BL-P11,WT,Mut,Mut,Mut,pt18-BL,RIS,leukemic,GMP
S8PL4-pt18-BL-P13,WT,Mut,Mut,Mut,pt18-BL,RIS,leukemic,LMPP
S8PL4-pt18-BL-P19,Mut,WT,WT,WT,pt18-BL,A,non-leukemic,Precursor
S8PL4-pt18-BL-P21,WT,Mut,Mut,Mut,pt18-BL,RIS,leukemic,GMP
S8PL4-pt18-BL-P3,WT,WT,Mut,WT,pt18-BL,R,leukemic,HSC
S8PL4-pt18-BL-P5,WT,Mut,Mut,Mut,pt18-BL,RIS,leukemic,LMPP
S8PL4-pt18-BL-P7,WT,Mut,Mut,Mut,pt18-BL,RIS,leukemic,LMPP
S8PL4-pt18-BL-P9,WT,Mut,Mut,WT,pt18-BL,RI,leukemic,LMPP
S8PL5-pt18-EOC1-A1,Mut,WT,WT,WT,pt18-EOC1,A,non-leukemic,Lin-Mature
S8PL5-pt18-EOC1-A11,WT,WT,WT,Undetected,pt18-EOC1,WT,non-leukemic,Lin+
S8PL5-pt18-EOC1-A13,WT,WT,WT,Undetected,pt18-EOC1,WT,non-leukemic,Lin+
S8PL5-pt18-EOC1-A15,Mut,WT,WT,WT,pt18-EOC1,A,non-leukemic,Lin-Mature
S8PL5-pt18-EOC1-A19,WT,WT,WT,WT,pt18-EOC1,WT,non-leukemic,CMP
S8PL5-pt18-EOC1-A21,WT,WT,WT,WT,pt18-EOC1,WT,non-leukemic,CMP
S8PL5-pt18-EOC1-A3,WT,WT,WT,WT,pt18-EOC1,WT,non-leukemic,CMP
S8PL5-pt18-EOC1-A5,WT,Mut,WT,Undetected,pt18-EOC1,RI,leukemic,Lin+
S8PL5-pt18-EOC1-B1,Mut,WT,WT,WT,pt18-EOC1,A,non-leukemic,Lin+
S8PL5-pt18-EOC1-B11,WT,Mut,Mut,Undetected,pt18-EOC1,RI,leukemic,Lin-Mature
S8PL5-pt18-EOC1-B13,Mut,WT,WT,WT,pt18-EOC1,A,non-leukemic,Lin+
S8PL5-pt18-EOC1-B17,WT,Mut,Mut,Mut,pt18-EOC1,RIS,leukemic,Precursor
S8PL5-pt18-EOC1-B19,Mut,WT,WT,WT,pt18-EOC1,A,non-leukemic,GMP
S8PL5-pt18-EOC1-B21,WT,WT,WT,WT,pt18-EOC1,WT,non-leukemic,CMP
S8PL5-pt18-EOC1-B9,WT,Mut,Mut,Mut,pt18-EOC1,RIS,leukemic,Precursor
S8PL5-pt18-EOC1-C1,WT,WT,WT,WT,pt18-EOC1,WT,non-leukemic,Lin-Mature
S8PL5-pt18-EOC1-C17,WT,WT,WT,WT,pt18-EOC1,WT,non-leukemic,Lin-Mature
S8PL5-pt18-EOC1-C19,Mut,WT,WT,WT,pt18-EOC1,A,non-leukemic,CMP
S8PL5-pt18-EOC1-C21,WT,WT,WT,WT,pt18-EOC1,WT,non-leukemic,CMP
S8PL5-pt18-EOC1-C7,Mut,WT,WT,WT,pt18-EOC1,A,non-leukemic,Lin-Mature
S8PL5-pt18-EOC1-C9,WT,Mut,Mut,Mut,pt18-EOC1,RIS,leukemic,GMP
S8PL5-pt18-EOC1-D1,WT,Mut,Mut,Mut,pt18-EOC1,RIS,leukemic,Precursor
S8PL5-pt18-EOC1-D15,WT,WT,WT,Undetermined,pt18-EOC1,WT,non-leukemic,Lin-Mature
S8PL5-pt18-EOC1-D17,WT,WT,WT,WT,pt18-EOC1,WT,non-leukemic,CMP
S8PL5-pt18-EOC1-D19,WT,WT,WT,WT,pt18-EOC1,WT,non-leukemic,HSC
S8PL5-pt18-EOC1-D21,Mut,WT,WT,WT,pt18-EOC1,A,non-leukemic,CMP
S8PL5-pt18-EOC1-D5,Mut,WT,WT,WT,pt18-EOC1,A,non-leukemic,Lin+
S8PL5-pt18-EOC1-D7,WT,WT,WT,WT,pt18-EOC1,WT,non-leukemic,Lin-Mature
S8PL5-pt18-EOC1-D9,Mut,WT,WT,WT,pt18-EOC1,A,non-leukemic,Lin+
S8PL5-pt18-EOC1-E1,WT,Mut,WT,Undetermined,pt18-EOC1,RI,leukemic,Lin-Mature
S8PL5-pt18-EOC1-E11,WT,Mut,Mut,Mut,pt18-EOC1,RIS,leukemic,Lin-Mature
S8PL5-pt18-EOC1-E17,WT,WT,WT,WT,pt18-EOC1,WT,non-leukemic,Lin-Mature
S8PL5-pt18-EOC1-E19,WT,WT,WT,WT,pt18-EOC1,WT,non-leukemic,GMP
S8PL5-pt18-EOC1-E21,WT,WT,WT,WT,pt18-EOC1,WT,non-leukemic,CMP
S8PL5-pt18-EOC1-E3,WT,WT,WT,WT,pt18-EOC1,WT,non-leukemic,Lin+
S8PL5-pt18-EOC1-E5,Undetermined,Undetermined,WT,WT,pt18-EOC1,Undetermined,Undetermined,Lin-Mature
S8PL5-pt18-EOC1-E7,WT,WT,WT,WT,pt18-EOC1,WT,non-leukemic,Lin+
S8PL5-pt18-EOC1-F13,Mut,WT,Undetermined,WT,pt18-EOC1,A,non-leukemic,Lin+
S8PL5-pt18-EOC1-F15,WT,Undetected,Undetected,Undetected,pt18-EOC1,Undetermined,Undetermined,Precursor
S8PL5-pt18-EOC1-F17,WT,Mut,Mut,Mut,pt18-EOC1,RIS,leukemic,Lin-Mature
S8PL5-pt18-EOC1-F19,WT,Mut,Mut,Mut,pt18-EOC1,RIS,leukemic,Precursor
S8PL5-pt18-EOC1-F3,WT,Mut,Mut,Mut,pt18-EOC1,RIS,leukemic,Lin-Mature
S8PL5-pt18-EOC1-G13,Mut,WT,WT,WT,pt18-EOC1,A,non-leukemic,Lin-Mature
S8PL5-pt18-EOC1-G15,WT,WT,WT,WT,pt18-EOC1,WT,non-leukemic,CMP
S8PL5-pt18-EOC1-G21,WT,Mut,Mut,Undetermined,pt18-EOC1,RI,leukemic,Precursor
S8PL5-pt18-EOC1-G5,WT,WT,WT,WT,pt18-EOC1,WT,non-leukemic,Lin-Mature
S8PL5-pt18-EOC1-G9,WT,WT,WT,WT,pt18-EOC1,WT,non-leukemic,CMP
S8PL5-pt18-EOC1-H1,WT,WT,WT,WT,pt18-EOC1,WT,non-leukemic,Lin-Mature
S8PL5-pt18-EOC1-H11,WT,WT,WT,Undetected,pt18-EOC1,WT,non-leukemic,Lin-Mature
S8PL5-pt18-EOC1-H13,WT,Mut,Mut,Mut,pt18-EOC1,RIS,leukemic,Lin-Mature
S8PL5-pt18-EOC1-H15,WT,Mut,Mut,Mut,pt18-EOC1,RIS,leukemic,Precursor
S8PL5-pt18-EOC1-H17,Mut,WT,WT,WT,pt18-EOC1,A,non-leukemic,CMP
S8PL5-pt18-EOC1-H19,WT,WT,WT,WT,pt18-EOC1,WT,non-leukemic,MEP
S8PL5-pt18-EOC1-H21,WT,WT,WT,WT,pt18-EOC1,WT,non-leukemic,CMP
S8PL5-pt18-EOC1-H3,WT,WT,WT,WT,pt18-EOC1,WT,non-leukemic,Lin-Mature
S8PL5-pt18-EOC1-H5,Mut,WT,WT,Undetected,pt18-EOC1,A,non-leukemic,Lin+
S8PL5-pt18-EOC1-H7,Mut,WT,WT,WT,pt18-EOC1,A,non-leukemic,CMP
S8PL5-pt18-EOC1-H9,WT,WT,WT,Undetected,pt18-EOC1,WT,non-leukemic,Lin-Mature
S8PL5-pt18-EOC1-I1,WT,WT,WT,WT,pt18-EOC1,WT,non-leukemic,Lin-Mature
S8PL5-pt18-EOC1-I11,WT,WT,WT,WT,pt18-EOC1,WT,non-leukemic,MEP
S8PL5-pt18-EOC1-I13,Mut,WT,WT,Undetected,pt18-EOC1,A,non-leukemic,Lin+
S8PL5-pt18-EOC1-I17,Mut,WT,WT,Undetected,pt18-EOC1,A,non-leukemic,Lin-Mature
S8PL5-pt18-EOC1-I21,Mut,WT,WT,WT,pt18-EOC1,A,non-leukemic,CMP
S8PL5-pt18-EOC1-I3,WT,WT,WT,WT,pt18-EOC1,WT,non-leukemic,HSC
S8PL5-pt18-EOC1-I5,WT,WT,WT,WT,pt18-EOC1,WT,non-leukemic,GMP
S8PL5-pt18-EOC1-I7,Mut,WT,WT,Undetected,pt18-EOC1,A,non-leukemic,Lin+
S8PL5-pt18-EOC1-I9,WT,Mut,Mut,Mut,pt18-EOC1,RIS,leukemic,GMP
S8PL5-pt18-EOC1-J1,Mut,Mut,Mut,WT,pt18-EOC1,Undetermined,Undetermined,Lin-Mature
S8PL5-pt18-EOC1-J11,Mut,WT,WT,Undetected,pt18-EOC1,A,non-leukemic,Lin-Mature
S8PL5-pt18-EOC1-J13,WT,WT,WT,WT,pt18-EOC1,WT,non-leukemic,Lin-Mature
S8PL5-pt18-EOC1-J15,WT,WT,WT,WT,pt18-EOC1,WT,non-leukemic,Precursor
S8PL5-pt18-EOC1-J17,Mut,WT,WT,WT,pt18-EOC1,A,non-leukemic,CMP
S8PL5-pt18-EOC1-J19,WT,WT,WT,WT,pt18-EOC1,WT,non-leukemic,GMP
S8PL5-pt18-EOC1-J21,WT,WT,WT,WT,pt18-EOC1,WT,non-leukemic,CMP
S8PL5-pt18-EOC1-J3,WT,WT,WT,WT,pt18-EOC1,WT,non-leukemic,Lin-Mature
S8PL5-pt18-EOC1-J5,Mut,WT,WT,WT,pt18-EOC1,A,non-leukemic,Lin-Mature
S8PL5-pt18-EOC1-J7,Mut,WT,WT,Undetected,pt18-EOC1,A,non-leukemic,Lin-Mature
S8PL5-pt18-EOC1-J9,WT,WT,WT,WT,pt18-EOC1,WT,non-leukemic,Lin-Mature
S8PL5-pt18-EOC1-K1,WT,Mut,Mut,WT,pt18-EOC1,RI,leukemic,Precursor
S8PL5-pt18-EOC1-K11,WT,Mut,Mut,Mut,pt18-EOC1,RIS,leukemic,Lin-Mature
S8PL5-pt18-EOC1-K15,WT,WT,WT,WT,pt18-EOC1,WT,non-leukemic,CMP
S8PL5-pt18-EOC1-K19,WT,Mut,Mut,Mut,pt18-EOC1,RIS,leukemic,GMP
S8PL5-pt18-EOC1-K3,WT,Mut,Mut,Mut,pt18-EOC1,RIS,leukemic,Precursor
S8PL5-pt18-EOC1-K5,WT,Mut,Mut,Undetected,pt18-EOC1,RI,leukemic,Lin+
S8PL5-pt18-EOC1-L1,WT,Mut,Mut,Undetected,pt18-EOC1,RI,leukemic,Lin-Mature
S8PL5-pt18-EOC1-L15,WT,Mut,Mut,Mut,pt18-EOC1,RIS,leukemic,GMP
S8PL5-pt18-EOC1-L17,Mut,WT,WT,WT,pt18-EOC1,A,non-leukemic,Lin-Mature
S8PL5-pt18-EOC1-L19,WT,Mut,Mut,Undetected,pt18-EOC1,RI,leukemic,Precursor
S8PL5-pt18-EOC1-L21,WT,WT,WT,WT,pt18-EOC1,WT,non-leukemic,CMP
S8PL5-pt18-EOC1-L3,WT,WT,WT,WT,pt18-EOC1,WT,non-leukemic,Lin-Mature
S8PL5-pt18-EOC1-L5,Mut,WT,WT,Undetected,pt18-EOC1,A,non-leukemic,Lin+
S8PL5-pt18-EOC1-L7,WT,WT,WT,Undetected,pt18-EOC1,WT,non-leukemic,HSC
S8PL5-pt18-EOC1-L9,Mut,WT,WT,WT,pt18-EOC1,A,non-leukemic,CMP
S8PL5-pt18-EOC1-M1,Mut,WT,WT,WT,pt18-EOC1,A,non-leukemic,Lin-Mature
S8PL5-pt18-EOC1-M15,WT,Mut,Mut,Mut,pt18-EOC1,RIS,leukemic,Precursor
S8PL5-pt18-EOC1-M17,Mut,WT,WT,Undetected,pt18-EOC1,A,non-leukemic,Lin-Mature
S8PL5-pt18-EOC1-M19,WT,WT,WT,WT,pt18-EOC1,WT,non-leukemic,MEP
S8PL5-pt18-EOC1-M21,WT,Mut,Mut,WT,pt18-EOC1,RI,leukemic,Precursor
S8PL5-pt18-EOC1-M5,WT,WT,WT,Undetected,pt18-EOC1,WT,non-leukemic,Lin-Mature
S8PL5-pt18-EOC1-M7,Mut,WT,WT,Undetected,pt18-EOC1,A,non-leukemic,Lin+
S8PL5-pt18-EOC1-M9,Mut,WT,WT,WT,pt18-EOC1,A,non-leukemic,Lin+
S8PL5-pt18-EOC1-N1,WT,WT,WT,WT,pt18-EOC1,WT,non-leukemic,Lin-Mature
S8PL5-pt18-EOC1-N11,WT,Mut,Mut,Mut,pt18-EOC1,RIS,leukemic,Lin-Mature
S8PL5-pt18-EOC1-N19,WT,Mut,Mut,Mut,pt18-EOC1,RIS,leukemic,Precursor
S8PL5-pt18-EOC1-N21,Mut,WT,WT,WT,pt18-EOC1,A,non-leukemic,Lin+
S8PL5-pt18-EOC1-N3,WT,WT,WT,WT,pt18-EOC1,WT,non-leukemic,Lin-Mature
S8PL5-pt18-EOC1-N9,WT,WT,WT,Undetected,pt18-EOC1,WT,non-leukemic,Lin-Mature
S8PL5-pt18-EOC1-O1,Mut,WT,WT,WT,pt18-EOC1,A,non-leukemic,GMP
S8PL5-pt18-EOC1-O11,WT,WT,WT,WT,pt18-EOC1,WT,non-leukemic,Lin-Mature
S8PL5-pt18-EOC1-O19,WT,WT,WT,WT,pt18-EOC1,WT,non-leukemic,CMP
S8PL5-pt18-EOC1-O21,WT,WT,WT,WT,pt18-EOC1,WT,non-leukemic,CMP
S8PL5-pt18-EOC1-O5,WT,WT,WT,WT,pt18-EOC1,WT,non-leukemic,Lin-Mature
S8PL5-pt18-EOC1-O9,WT,WT,WT,WT,pt18-EOC1,WT,non-leukemic,CMP
S8PL5-pt18-EOC1-P1,WT,WT,WT,WT,pt18-EOC1,WT,non-leukemic,Lin-Mature
S8PL5-pt18-EOC1-P17,Mut,WT,WT,WT,pt18-EOC1,A,non-leukemic,Precursor
S8PL5-pt18-EOC1-P19,WT,WT,WT,WT,pt18-EOC1,WT,non-leukemic,HSC
S8PL5-pt18-EOC1-P21,WT,Mut,Mut,Undetermined,pt18-EOC1,RI,leukemic,Precursor
S8PL5-pt18-EOC1-P5,Mut,WT,WT,WT,pt18-EOC1,A,non-leukemic,Lin+
S8PL6-pt18-EOC1-A1,WT,WT,WT,WT,pt18-EOC1,WT,non-leukemic,Lin-Mature
S8PL6-pt18-EOC1-A15,Undetermined,WT,WT,WT,pt18-EOC1,Undetermined,Undetermined,Lin-Mature
S8PL6-pt18-EOC1-A17,Mut,WT,WT,WT,pt18-EOC1,A,non-leukemic,Lin-Mature
S8PL6-pt18-EOC1-A19,WT,WT,WT,WT,pt18-EOC1,WT,non-leukemic,Precursor
S8PL6-pt18-EOC1-A21,WT,Mut,Mut,Mut,pt18-EOC1,RIS,leukemic,Precursor
S8PL6-pt18-EOC1-A3,WT,Mut,Mut,Mut,pt18-EOC1,RIS,leukemic,GMP
S8PL6-pt18-EOC1-A9,WT,WT,WT,WT,pt18-EOC1,WT,non-leukemic,Lin-Mature
S8PL6-pt18-EOC1-B11,WT,WT,WT,WT,pt18-EOC1,WT,non-leukemic,Lin-Mature
S8PL6-pt18-EOC1-B13,WT,Mut,Mut,Mut,pt18-EOC1,RIS,leukemic,Precursor
S8PL6-pt18-EOC1-B15,WT,Mut,Mut,Undetected,pt18-EOC1,RI,leukemic,Lin-Mature
S8PL6-pt18-EOC1-B17,WT,Mut,WT,WT,pt18-EOC1,RI,leukemic,CMP
S8PL6-pt18-EOC1-B19,WT,Undetermined,WT,WT,pt18-EOC1,WT,non-leukemic,CMP
S8PL6-pt18-EOC1-B21,WT,WT,WT,WT,pt18-EOC1,WT,non-leukemic,CMP
S8PL6-pt18-EOC1-B5,WT,Mut,Mut,Undetected,pt18-EOC1,RI,leukemic,Precursor
S8PL6-pt18-EOC1-C1,WT,WT,Mut,Mut,pt18-EOC1,RIS,leukemic,Precursor
S8PL6-pt18-EOC1-C11,WT,WT,WT,WT,pt18-EOC1,WT,non-leukemic,Lin-Mature
S8PL6-pt18-EOC1-C13,WT,WT,WT,WT,pt18-EOC1,WT,non-leukemic,MEP
S8PL6-pt18-EOC1-C19,Mut,WT,WT,WT,pt18-EOC1,A,non-leukemic,GMP
S8PL6-pt18-EOC1-C21,WT,Mut,Mut,Mut,pt18-EOC1,RIS,leukemic,Precursor
S8PL6-pt18-EOC1-C5,WT,WT,WT,WT,pt18-EOC1,WT,non-leukemic,Lin-Mature
S8PL6-pt18-EOC1-C7,WT,Undetected,WT,WT,pt18-EOC1,WT,non-leukemic,HSC
S8PL6-pt18-EOC1-C9,Mut,Undetected,Undetected,WT,pt18-EOC1,A,non-leukemic,Lin-Mature
S8PL6-pt18-EOC1-D1,WT,WT,WT,WT,pt18-EOC1,WT,non-leukemic,Lin-Mature
S8PL6-pt18-EOC1-D13,WT,WT,WT,WT,pt18-EOC1,WT,non-leukemic,Lin-Mature
S8PL6-pt18-EOC1-D19,WT,WT,WT,WT,pt18-EOC1,WT,non-leukemic,GMP
S8PL6-pt18-EOC1-D3,WT,WT,Mut,Mut,pt18-EOC1,RIS,leukemic,Lin-Mature
S8PL6-pt18-EOC1-D5,Mut,WT,WT,WT,pt18-EOC1,A,non-leukemic,CMP
S8PL6-pt18-EOC1-D7,WT,Mut,Mut,Mut,pt18-EOC1,RIS,leukemic,Lin-Mature
S8PL6-pt18-EOC1-D9,WT,WT,WT,WT,pt18-EOC1,WT,non-leukemic,Lin-Mature
S8PL6-pt18-EOC1-E11,WT,Mut,Mut,Mut,pt18-EOC1,RIS,leukemic,Lin-Mature
S8PL6-pt18-EOC1-E15,WT,WT,WT,Undetected,pt18-EOC1,WT,non-leukemic,Lin-Mature
S8PL6-pt18-EOC1-E17,Mut,WT,WT,WT,pt18-EOC1,A,non-leukemic,CMP
S8PL6-pt18-EOC1-E19,WT,WT,WT,WT,pt18-EOC1,WT,non-leukemic,CMP
S8PL6-pt18-EOC1-E21,Mut,WT,Undetermined,WT,pt18-EOC1,A,non-leukemic,CMP
S8PL6-pt18-EOC1-E3,Mut,WT,WT,WT,pt18-EOC1,A,non-leukemic,Lin-Mature
S8PL6-pt18-EOC1-E7,WT,Mut,WT,Undetected,pt18-EOC1,RI,leukemic,Lin-Mature
S8PL6-pt18-EOC1-E9,WT,WT,WT,WT,pt18-EOC1,WT,non-leukemic,Lin-Mature
S8PL6-pt18-EOC1-F1,Mut,WT,WT,WT,pt18-EOC1,A,non-leukemic,CMP
S8PL6-pt18-EOC1-F11,WT,Mut,Mut,Mut,pt18-EOC1,RIS,leukemic,Precursor
S8PL6-pt18-EOC1-F15,Mut,WT,WT,WT,pt18-EOC1,A,non-leukemic,Lin-Mature
S8PL6-pt18-EOC1-F19,WT,Mut,Mut,WT,pt18-EOC1,RI,leukemic,Precursor
S8PL6-pt18-EOC1-F21,WT,WT,WT,WT,pt18-EOC1,WT,non-leukemic,CMP
S8PL6-pt18-EOC1-F5,WT,WT,WT,WT,pt18-EOC1,WT,non-leukemic,Lin-Mature
S8PL6-pt18-EOC1-F7,Mut,WT,WT,WT,pt18-EOC1,A,non-leukemic,GMP
S8PL6-pt18-EOC1-G11,WT,WT,Mut,Mut,pt18-EOC1,RIS,leukemic,Lin-Mature
S8PL6-pt18-EOC1-G13,WT,WT,WT,WT,pt18-EOC1,WT,non-leukemic,Lin-Mature
S8PL6-pt18-EOC1-G17,Mut,WT,WT,WT,pt18-EOC1,A,non-leukemic,GMP
S8PL6-pt18-EOC1-G19,WT,WT,WT,WT,pt18-EOC1,WT,non-leukemic,CMP
S8PL6-pt18-EOC1-G3,Mut,WT,WT,WT,pt18-EOC1,A,non-leukemic,Lin-Mature
S8PL6-pt18-EOC1-G5,Mut,WT,WT,Undetermined,pt18-EOC1,A,non-leukemic,Lin-Mature
S8PL6-pt18-EOC1-G7,Mut,WT,WT,WT,pt18-EOC1,A,non-leukemic,Lin+
S8PL6-pt18-EOC1-G9,WT,WT,WT,WT,pt18-EOC1,WT,non-leukemic,CMP
S8PL6-pt18-EOC1-H1,Mut,WT,WT,WT,pt18-EOC1,A,non-leukemic,Lin-Mature
S8PL6-pt18-EOC1-H11,WT,Mut,Mut,Mut,pt18-EOC1,RIS,leukemic,Precursor
S8PL6-pt18-EOC1-H13,WT,WT,WT,Undetected,pt18-EOC1,WT,non-leukemic,Lin-Mature
S8PL6-pt18-EOC1-H17,Mut,WT,WT,WT,pt18-EOC1,A,non-leukemic,Lin-Mature
S8PL6-pt18-EOC1-H19,Mut,WT,WT,WT,pt18-EOC1,A,non-leukemic,Precursor
S8PL6-pt18-EOC1-H3,WT,Mut,Mut,Mut,pt18-EOC1,RIS,leukemic,GMP
S8PL6-pt18-EOC1-H5,Mut,WT,WT,WT,pt18-EOC1,A,non-leukemic,CMP
S8PL6-pt18-EOC1-H7,WT,WT,WT,WT,pt18-EOC1,WT,non-leukemic,CMP
S8PL6-pt18-EOC1-I13,WT,Mut,Mut,Undetected,pt18-EOC1,RI,leukemic,Lin+
S8PL6-pt18-EOC1-I15,WT,Mut,Mut,Mut,pt18-EOC1,RIS,leukemic,Lin-Mature
S8PL6-pt18-EOC1-I19,WT,WT,WT,WT,pt18-EOC1,WT,non-leukemic,CMP
S8PL6-pt18-EOC1-I21,WT,Mut,Mut,Undetected,pt18-EOC1,RI,leukemic,Lin+
S8PL6-pt18-EOC1-I7,WT,Mut,Mut,Mut,pt18-EOC1,RIS,leukemic,Lin-Mature
S8PL6-pt18-EOC1-J1,Mut,WT,WT,WT,pt18-EOC1,A,non-leukemic,CMP
S8PL6-pt18-EOC1-J11,WT,Mut,Mut,WT,pt18-EOC1,RI,leukemic,Precursor
S8PL6-pt18-EOC1-J13,WT,WT,WT,WT,pt18-EOC1,WT,non-leukemic,Lin-Mature
S8PL6-pt18-EOC1-J15,WT,WT,WT,WT,pt18-EOC1,WT,non-leukemic,CMP
S8PL6-pt18-EOC1-J19,WT,WT,WT,WT,pt18-EOC1,WT,non-leukemic,GMP
S8PL6-pt18-EOC1-K19,WT,WT,WT,WT,pt18-EOC1,WT,non-leukemic,CMP
S8PL6-pt18-EOC1-K3,WT,WT,WT,WT,pt18-EOC1,WT,non-leukemic,CMP
S8PL6-pt18-EOC1-L1,WT,Mut,Mut,Mut,pt18-EOC1,RIS,leukemic,Precursor
S8PL6-pt18-EOC1-L13,WT,WT,WT,WT,pt18-EOC1,WT,non-leukemic,Lin-Mature
S8PL6-pt18-EOC1-L15,WT,WT,WT,WT,pt18-EOC1,WT,non-leukemic,CMP
S8PL6-pt18-EOC1-L17,WT,WT,WT,WT,pt18-EOC1,WT,non-leukemic,CMP
S8PL6-pt18-EOC1-L19,WT,Undetected,WT,WT,pt18-EOC1,WT,non-leukemic,HSC
S8PL6-pt18-EOC1-L21,WT,WT,WT,WT,pt18-EOC1,WT,non-leukemic,Lin-Mature
S8PL6-pt18-EOC1-L3,Mut,WT,WT,WT,pt18-EOC1,A,non-leukemic,Lin-Mature
S8PL6-pt18-EOC1-L5,Mut,WT,WT,WT,pt18-EOC1,A,non-leukemic,Lin+
S8PL6-pt18-EOC1-L7,WT,Mut,Mut,Mut,pt18-EOC1,RIS,leukemic,Lin-Mature
S8PL6-pt18-EOC1-L9,WT,Mut,Mut,Mut,pt18-EOC1,RIS,leukemic,Precursor
S8PL6-pt18-EOC1-M1,Mut,WT,WT,WT,pt18-EOC1,A,non-leukemic,Lin-Mature
S8PL6-pt18-EOC1-M13,WT,WT,WT,WT,pt18-EOC1,WT,non-leukemic,CMP
S8PL6-pt18-EOC1-M17,WT,WT,WT,WT,pt18-EOC1,WT,non-leukemic,Lin-Mature
S8PL6-pt18-EOC1-M21,Mut,WT,WT,WT,pt18-EOC1,A,non-leukemic,Lin-Mature
S8PL6-pt18-EOC1-M5,Mut,WT,WT,WT,pt18-EOC1,A,non-leukemic,CMP
S8PL6-pt18-EOC1-M9,Mut,WT,WT,WT,pt18-EOC1,A,non-leukemic,Lin+
S8PL6-pt18-EOC1-N11,Mut,WT,WT,WT,pt18-EOC1,A,non-leukemic,CMP
S8PL6-pt18-EOC1-N15,WT,WT,WT,WT,pt18-EOC1,WT,non-leukemic,HSC
S8PL6-pt18-EOC1-N17,WT,WT,WT,WT,pt18-EOC1,WT,non-leukemic,CMP
S8PL6-pt18-EOC1-N19,WT,WT,WT,WT,pt18-EOC1,WT,non-leukemic,MEP
S8PL6-pt18-EOC1-N21,WT,WT,WT,Undetected,pt18-EOC1,WT,non-leukemic,Lin-Mature
S8PL6-pt18-EOC1-N3,WT,WT,WT,WT,pt18-EOC1,WT,non-leukemic,HSC
S8PL6-pt18-EOC1-N5,WT,WT,Mut,Undetected,pt18-EOC1,R,leukemic,Precursor
S8PL6-pt18-EOC1-N9,Mut,WT,WT,WT,pt18-EOC1,A,non-leukemic,Lin+
S8PL6-pt18-EOC1-O1,WT,WT,WT,WT,pt18-EOC1,WT,non-leukemic,CMP
S8PL6-pt18-EOC1-O11,WT,Mut,Mut,Undetected,pt18-EOC1,RI,leukemic,Lin-Mature
S8PL6-pt18-EOC1-O13,WT,Mut,Mut,WT,pt18-EOC1,RI,leukemic,Precursor
S8PL6-pt18-EOC1-O19,WT,WT,WT,WT,pt18-EOC1,WT,non-leukemic,CMP
S8PL6-pt18-EOC1-O3,Mut,WT,WT,Undetected,pt18-EOC1,A,non-leukemic,CMP
S8PL6-pt18-EOC1-O5,WT,WT,WT,WT,pt18-EOC1,WT,non-leukemic,Lin-Mature
S8PL6-pt18-EOC1-O9,WT,WT,WT,WT,pt18-EOC1,WT,non-leukemic,Lin-Mature
S8PL6-pt18-EOC1-P19,WT,Mut,Mut,Mut,pt18-EOC1,RIS,leukemic,GMP
S8PL6-pt18-EOC1-P21,WT,WT,WT,Undetected,pt18-EOC1,WT,non-leukemic,Lin+
S8PL6-pt18-EOC1-P3,Mut,WT,WT,WT,pt18-EOC1,A,non-leukemic,CMP
S8PL6-pt18-EOC1-P5,Mut,WT,WT,WT,pt18-EOC1,A,non-leukemic,Lin-Mature
S8PL6-pt18-EOC1-P9,WT,WT,WT,WT,pt18-EOC1,WT,non-leukemic,HSC
S8PL7-pt18-EOC1-A1,WT,Mut,Mut,Mut,pt18-EOC1,RIS,leukemic,GMP
S8PL7-pt18-EOC1-A13,WT,Mut,Mut,Mut,pt18-EOC1,RIS,leukemic,Lin-Mature
S8PL7-pt18-EOC1-A17,WT,WT,WT,Undetected,pt18-EOC1,WT,non-leukemic,CMP
S8PL7-pt18-EOC1-A19,Mut,WT,WT,WT,pt18-EOC1,A,non-leukemic,CMP
S8PL7-pt18-EOC1-A21,WT,Mut,Mut,Mut,pt18-EOC1,RIS,leukemic,Precursor
S8PL7-pt18-EOC1-B17,WT,WT,WT,WT,pt18-EOC1,WT,non-leukemic,CMP
S8PL7-pt18-EOC1-B19,Mut,WT,WT,WT,pt18-EOC1,A,non-leukemic,MEP
S8PL7-pt18-EOC1-B3,WT,WT,WT,WT,pt18-EOC1,WT,non-leukemic,Lin-Mature
S8PL7-pt18-EOC1-B9,Undetermined,Mut,Mut,Mut,pt18-EOC1,RIS,leukemic,Lin-Mature
S8PL7-pt18-EOC1-C1,WT,Mut,Mut,Mut,pt18-EOC1,RIS,leukemic,Precursor
S8PL7-pt18-EOC1-C13,WT,WT,WT,WT,pt18-EOC1,WT,non-leukemic,Lin-Mature
S8PL7-pt18-EOC1-C15,Mut,WT,WT,WT,pt18-EOC1,A,non-leukemic,Lin-Mature
S8PL7-pt18-EOC1-C17,Mut,WT,WT,WT,pt18-EOC1,A,non-leukemic,Lin-Mature
S8PL7-pt18-EOC1-C19,WT,WT,WT,WT,pt18-EOC1,WT,non-leukemic,HSC
S8PL7-pt18-EOC1-C3,WT,Mut,Mut,WT,pt18-EOC1,RI,leukemic,Lin-Mature
S8PL7-pt18-EOC1-C7,WT,Mut,Mut,Undetected,pt18-EOC1,RI,leukemic,Precursor
S8PL7-pt18-EOC1-D1,Mut,WT,WT,WT,pt18-EOC1,A,non-leukemic,Lin-Mature
S8PL7-pt18-EOC1-D13,Mut,Undetected,WT,WT,pt18-EOC1,A,non-leukemic,CMP
S8PL7-pt18-EOC1-D19,WT,Mut,Mut,Mut,pt18-EOC1,RIS,leukemic,Precursor
S8PL7-pt18-EOC1-D21,Mut,WT,WT,WT,pt18-EOC1,A,non-leukemic,CMP
S8PL7-pt18-EOC1-D3,WT,WT,WT,WT,pt18-EOC1,WT,non-leukemic,Lin-Mature
S8PL7-pt18-EOC1-D7,WT,Mut,Mut,WT,pt18-EOC1,RI,leukemic,Precursor
S8PL7-pt18-EOC1-E1,WT,Mut,Mut,Undetected,pt18-EOC1,RI,leukemic,Lin-Mature
S8PL7-pt18-EOC1-E11,WT,WT,WT,WT,pt18-EOC1,WT,non-leukemic,CMP
S8PL7-pt18-EOC1-E13,WT,WT,WT,WT,pt18-EOC1,WT,non-leukemic,CMP
S8PL7-pt18-EOC1-E15,WT,Mut,Mut,Mut,pt18-EOC1,RIS,leukemic,Lin-Mature
S8PL7-pt18-EOC1-E19,WT,Mut,Mut,Mut,pt18-EOC1,RIS,leukemic,GMP
S8PL7-pt18-EOC1-E21,WT,WT,WT,WT,pt18-EOC1,WT,non-leukemic,CMP
S8PL7-pt18-EOC1-E5,WT,WT,WT,WT,pt18-EOC1,WT,non-leukemic,CMP
S8PL7-pt18-EOC1-E7,WT,WT,WT,Undetected,pt18-EOC1,WT,non-leukemic,GMP
S8PL7-pt18-EOC1-F1,WT,WT,Undetermined,Undetected,pt18-EOC1,Undetermined,Undetermined,CMP
S8PL7-pt18-EOC1-F11,WT,WT,WT,WT,pt18-EOC1,WT,non-leukemic,Lin-Mature
S8PL7-pt18-EOC1-F13,WT,WT,Mut,Mut,pt18-EOC1,RIS,leukemic,Precursor
S8PL7-pt18-EOC1-F15,WT,Mut,Mut,Mut,pt18-EOC1,RIS,leukemic,Lin-Mature
S8PL7-pt18-EOC1-F19,Mut,WT,WT,WT,pt18-EOC1,A,non-leukemic,GMP
S8PL7-pt18-EOC1-F21,Mut,WT,WT,WT,pt18-EOC1,A,non-leukemic,CMP
S8PL7-pt18-EOC1-F5,WT,WT,WT,WT,pt18-EOC1,WT,non-leukemic,GMP
S8PL7-pt18-EOC1-F7,WT,WT,WT,WT,pt18-EOC1,WT,non-leukemic,Lin-Mature
S8PL7-pt18-EOC1-F9,WT,WT,WT,Undetected,pt18-EOC1,WT,non-leukemic,CMP
S8PL7-pt18-EOC1-G11,WT,WT,WT,WT,pt18-EOC1,WT,non-leukemic,Lin+
S8PL7-pt18-EOC1-G13,WT,Mut,Mut,Mut,pt18-EOC1,RIS,leukemic,Lin-Mature
S8PL7-pt18-EOC1-G15,WT,Mut,Mut,Mut,pt18-EOC1,RIS,leukemic,Precursor
S8PL7-pt18-EOC1-G17,Undetermined,WT,WT,WT,pt18-EOC1,Undetermined,Undetermined,CMP
S8PL7-pt18-EOC1-G19,Mut,WT,WT,WT,pt18-EOC1,A,non-leukemic,CMP
S8PL7-pt18-EOC1-G21,Mut,WT,WT,WT,pt18-EOC1,A,non-leukemic,HSC
S8PL7-pt18-EOC1-G3,WT,WT,WT,Undetected,pt18-EOC1,WT,non-leukemic,Lin-Mature
S8PL7-pt18-EOC1-G5,WT,WT,WT,WT,pt18-EOC1,WT,non-leukemic,Lin-Mature
S8PL7-pt18-EOC1-G9,WT,Mut,Mut,Mut,pt18-EOC1,RIS,leukemic,Lin-Mature
S8PL7-pt18-EOC1-H1,WT,Mut,Mut,Mut,pt18-EOC1,RIS,leukemic,Precursor
S8PL7-pt18-EOC1-H15,WT,WT,WT,WT,pt18-EOC1,WT,non-leukemic,Lin-Mature
S8PL7-pt18-EOC1-H17,WT,Mut,Mut,Undetected,pt18-EOC1,RI,leukemic,Lin-Mature
S8PL7-pt18-EOC1-H19,WT,Undetected,Mut,Mut,pt18-EOC1,RIS,leukemic,LMPP
S8PL7-pt18-EOC1-H21,WT,WT,WT,WT,pt18-EOC1,WT,non-leukemic,CMP
S8PL7-pt18-EOC1-H3,Mut,WT,WT,WT,pt18-EOC1,A,non-leukemic,HSC
S8PL7-pt18-EOC1-H7,WT,Mut,Mut,Mut,pt18-EOC1,RIS,leukemic,GMP
S8PL7-pt18-EOC1-I1,WT,WT,WT,WT,pt18-EOC1,WT,non-leukemic,GMP
S8PL7-pt18-EOC1-I13,Mut,WT,WT,WT,pt18-EOC1,A,non-leukemic,MEP
S8PL7-pt18-EOC1-I19,WT,WT,WT,WT,pt18-EOC1,WT,non-leukemic,CMP
S8PL7-pt18-EOC1-I21,WT,Mut,Mut,WT,pt18-EOC1,RI,leukemic,Precursor
S8PL7-pt18-EOC1-I3,WT,WT,WT,WT,pt18-EOC1,WT,non-leukemic,Lin-Mature
S8PL7-pt18-EOC1-I9,Mut,WT,WT,WT,pt18-EOC1,A,non-leukemic,CMP
S8PL7-pt18-EOC1-J1,WT,WT,WT,WT,pt18-EOC1,WT,non-leukemic,Precursor
S8PL7-pt18-EOC1-J11,WT,Mut,Mut,Undetected,pt18-EOC1,RI,leukemic,Lin-Mature
S8PL7-pt18-EOC1-J19,WT,WT,WT,WT,pt18-EOC1,WT,non-leukemic,CMP
S8PL7-pt18-EOC1-J5,WT,WT,WT,WT,pt18-EOC1,WT,non-leukemic,Precursor
S8PL7-pt18-EOC1-J7,WT,WT,WT,Undetected,pt18-EOC1,WT,non-leukemic,Lin-Mature
S8PL7-pt18-EOC1-K1,Mut,WT,WT,WT,pt18-EOC1,A,non-leukemic,Lin-Mature
S8PL7-pt18-EOC1-K11,Mut,WT,WT,Undetected,pt18-EOC1,A,non-leukemic,Lin-Mature
S8PL7-pt18-EOC1-K13,Mut,WT,WT,Undetected,pt18-EOC1,A,non-leukemic,Lin+
S8PL7-pt18-EOC1-K19,WT,WT,WT,WT,pt18-EOC1,WT,non-leukemic,CMP
S8PL7-pt18-EOC1-K21,WT,Mut,Mut,Undetected,pt18-EOC1,RI,leukemic,Lin-Mature
S8PL7-pt18-EOC1-K3,WT,WT,WT,Undetected,pt18-EOC1,WT,non-leukemic,Lin-Mature
S8PL7-pt18-EOC1-K9,WT,WT,WT,WT,pt18-EOC1,WT,non-leukemic,HSC
S8PL7-pt18-EOC1-L1,WT,WT,WT,WT,pt18-EOC1,WT,non-leukemic,CMP
S8PL7-pt18-EOC1-L11,Mut,WT,WT,WT,pt18-EOC1,A,non-leukemic,Lin-Mature
S8PL7-pt18-EOC1-L13,WT,Mut,Mut,Mut,pt18-EOC1,RIS,leukemic,Precursor
S8PL7-pt18-EOC1-L9,WT,WT,WT,WT,pt18-EOC1,WT,non-leukemic,Lin-Mature
S8PL7-pt18-EOC1-M13,WT,WT,WT,WT,pt18-EOC1,WT,non-leukemic,Lin-Mature
S8PL7-pt18-EOC1-M15,WT,WT,Undetermined,WT,pt18-EOC1,WT,non-leukemic,Lin-Mature
S8PL7-pt18-EOC1-M19,Mut,WT,WT,WT,pt18-EOC1,A,non-leukemic,GMP
S8PL7-pt18-EOC1-M9,WT,Mut,Mut,Mut,pt18-EOC1,RIS,leukemic,Precursor
S8PL7-pt18-EOC1-N11,WT,WT,WT,WT,pt18-EOC1,WT,non-leukemic,Lin-Mature
S8PL7-pt18-EOC1-N13,Mut,WT,WT,WT,pt18-EOC1,A,non-leukemic,GMP
S8PL7-pt18-EOC1-N17,WT,WT,WT,WT,pt18-EOC1,WT,non-leukemic,CMP
S8PL7-pt18-EOC1-N19,WT,WT,WT,WT,pt18-EOC1,WT,non-leukemic,CMP
S8PL7-pt18-EOC1-N21,WT,WT,WT,WT,pt18-EOC1,WT,non-leukemic,Lin-Mature
S8PL7-pt18-EOC1-N5,Undetermined,Mut,Mut,Mut,pt18-EOC1,RIS,leukemic,LMPP
S8PL7-pt18-EOC1-N7,Mut,WT,WT,WT,pt18-EOC1,A,non-leukemic,Lin-Mature
S8PL7-pt18-EOC1-O1,WT,WT,WT,Undetected,pt18-EOC1,WT,non-leukemic,Lin-Mature
S8PL7-pt18-EOC1-O11,WT,Mut,Mut,Mut,pt18-EOC1,RIS,leukemic,Lin-Mature
S8PL7-pt18-EOC1-O15,WT,WT,WT,WT,pt18-EOC1,WT,non-leukemic,Lin-Mature
S8PL7-pt18-EOC1-O19,WT,WT,WT,WT,pt18-EOC1,WT,non-leukemic,CMP
S8PL7-pt18-EOC1-O3,WT,WT,WT,WT,pt18-EOC1,WT,non-leukemic,CMP
S8PL7-pt18-EOC1-O5,WT,WT,WT,WT,pt18-EOC1,WT,non-leukemic,GMP
S8PL7-pt18-EOC1-O7,Mut,WT,WT,WT,pt18-EOC1,A,non-leukemic,Lin-Mature
S8PL7-pt18-EOC1-O9,Mut,WT,WT,WT,pt18-EOC1,A,non-leukemic,CMP
S8PL7-pt18-EOC1-P11,Mut,WT,WT,WT,pt18-EOC1,A,non-leukemic,CMP
S8PL7-pt18-EOC1-P15,Mut,WT,WT,Undetected,pt18-EOC1,A,non-leukemic,Lin+
S8PL7-pt18-EOC1-P19,WT,WT,WT,WT,pt18-EOC1,WT,non-leukemic,Precursor
S8PL7-pt18-EOC1-P3,Mut,WT,WT,WT,pt18-EOC1,A,non-leukemic,Lin+
S8PL7-pt18-EOC1-P5,Mut,WT,WT,WT,pt18-EOC1,A,non-leukemic,Lin-Mature
S8PL7-pt18-EOC1-P7,WT,Mut,Mut,Mut,pt18-EOC1,RIS,leukemic,Precursor
S8PL7-pt18-EOC1-P9,Undetermined,WT,WT,WT,pt18-EOC1,Undetermined,Undetermined,HSC
S8PL8-pt18-EOC1-A9,Mut,WT,WT,WT,pt18-EOC1,A,non-leukemic,Lin-Mature
S8PL8-pt18-EOC1-B3,WT,Mut,Mut,Mut,pt18-EOC1,RIS,leukemic,Lin+
S8PL8-pt18-EOC1-C1,Mut,WT,WT,Undetected,pt18-EOC1,A,non-leukemic,Lin-Mature
S8PL8-pt18-EOC1-C3,WT,Mut,Mut,WT,pt18-EOC1,RI,leukemic,GMP
S8PL8-pt18-EOC1-D3,WT,WT,WT,WT,pt18-EOC1,WT,non-leukemic,Lin-Mature
S8PL8-pt18-EOC1-D7,WT,Mut,Mut,WT,pt18-EOC1,RI,leukemic,GMP
S8PL8-pt18-EOC1-D9,WT,Mut,Mut,Undetected,pt18-EOC1,RI,leukemic,Lin+
S8PL8-pt18-EOC1-E1,Mut,WT,WT,WT,pt18-EOC1,A,non-leukemic,Lin-Mature
S8PL8-pt18-EOC1-E3,WT,Mut,Mut,Undetected,pt18-EOC1,RI,leukemic,GMP
S8PL8-pt18-EOC1-E5,WT,WT,WT,WT,pt18-EOC1,WT,non-leukemic,Lin+
S8PL8-pt18-EOC1-F1,WT,WT,WT,WT,pt18-EOC1,WT,non-leukemic,CMP
S8PL8-pt18-EOC1-F5,WT,WT,WT,WT,pt18-EOC1,WT,non-leukemic,Lin+
S8PL8-pt18-EOC1-F7,Mut,WT,WT,WT,pt18-EOC1,A,non-leukemic,CMP
S8PL8-pt18-EOC1-G1,Mut,WT,WT,WT,pt18-EOC1,A,non-leukemic,CMP
S8PL8-pt18-EOC1-G3,WT,Mut,Mut,Mut,pt18-EOC1,RIS,leukemic,Lin-Mature
S8PL8-pt18-EOC1-G5,WT,WT,WT,WT,pt18-EOC1,WT,non-leukemic,MEP
S8PL8-pt18-EOC1-G7,WT,WT,WT,WT,pt18-EOC1,WT,non-leukemic,CMP
S8PL8-pt18-EOC1-H7,Mut,WT,WT,WT,pt18-EOC1,A,non-leukemic,Lin-Mature
S8PL8-pt18-EOC1-I1,WT,WT,WT,WT,pt18-EOC1,WT,non-leukemic,Lin-Mature
S8PL8-pt18-EOC1-I3,WT,Mut,Mut,Mut,pt18-EOC1,RIS,leukemic,Precursor
S8PL8-pt18-EOC1-I5,WT,WT,WT,WT,pt18-EOC1,WT,non-leukemic,Lin-Mature
S8PL8-pt18-EOC1-I7,WT,WT,WT,WT,pt18-EOC1,WT,non-leukemic,Lin-Mature
S8PL8-pt18-EOC1-J7,WT,WT,WT,WT,pt18-EOC1,WT,non-leukemic,Lin+
S8PL8-pt18-EOC1-K1,Mut,WT,WT,WT,pt18-EOC1,A,non-leukemic,Lin-Mature
S8PL8-pt18-EOC1-K3,WT,WT,WT,WT,pt18-EOC1,WT,non-leukemic,Lin-Mature
S8PL8-pt18-EOC1-K7,Mut,WT,WT,Undetected,pt18-EOC1,A,non-leukemic,Lin+
S8PL8-pt18-EOC1-L1,WT,Mut,Mut,Mut,pt18-EOC1,RIS,leukemic,Precursor
S8PL8-pt18-EOC1-M1,Mut,WT,WT,WT,pt18-EOC1,A,non-leukemic,CMP
S8PL8-pt18-EOC1-M7,WT,Mut,Mut,WT,pt18-EOC1,RI,leukemic,Lin-Mature
S8PL8-pt18-EOC1-M9,WT,WT,WT,WT,pt18-EOC1,WT,non-leukemic,MEP
S8PL8-pt18-EOC1-N3,WT,WT,WT,WT,pt18-EOC1,WT,non-leukemic,Lin-Mature
S8PL8-pt18-EOC1-O1,Undetermined,WT,WT,WT,pt18-EOC1,Undetermined,Undetermined,CMP
S8PL8-pt18-EOC1-O3,WT,WT,WT,Undetected,pt18-EOC1,WT,non-leukemic,HSC
S8PL8-pt18-EOC1-O5,WT,WT,WT,WT,pt18-EOC1,WT,non-leukemic,Lin-Mature
S8PL8-pt18-EOC1-O7,WT,WT,WT,WT,pt18-EOC1,WT,non-leukemic,Lin-Mature
S8PL8-pt18-EOC1-O9,WT,Mut,Mut,Mut,pt18-EOC1,RIS,leukemic,Lin-Mature
S8PL8-pt18-EOC1-P7,WT,WT,WT,WT,pt18-EOC1,WT,non-leukemic,Lin+
S8PL8-pt18-EOC1-P9,Mut,WT,WT,WT,pt18-EOC1,A,non-leukemic,Lin+
S8PL9-pt18-EOC9-A1,Mut,WT,WT,WT,pt18-EOC9,A,non-leukemic,MEP
S8PL9-pt18-EOC9-A11,WT,WT,WT,WT,pt18-EOC9,WT,non-leukemic,Lin-Mature
S8PL9-pt18-EOC9-A15,Mut,WT,WT,WT,pt18-EOC9,A,non-leukemic,MEP
S8PL9-pt18-EOC9-A19,WT,WT,WT,WT,pt18-EOC9,WT,non-leukemic,Precursor
S8PL9-pt18-EOC9-A21,WT,WT,WT,WT,pt18-EOC9,WT,non-leukemic,GMP
S8PL9-pt18-EOC9-A3,WT,WT,WT,WT,pt18-EOC9,WT,non-leukemic,Lin-Mature
S8PL9-pt18-EOC9-A5,WT,WT,WT,Undetected,pt18-EOC9,WT,non-leukemic,Lin-Mature
S8PL9-pt18-EOC9-A9,Mut,WT,WT,WT,pt18-EOC9,A,non-leukemic,GMP
S8PL9-pt18-EOC9-B1,WT,WT,WT,WT,pt18-EOC9,WT,non-leukemic,Lin-Mature
S8PL9-pt18-EOC9-B11,WT,WT,WT,WT,pt18-EOC9,WT,non-leukemic,Lin-Mature
S8PL9-pt18-EOC9-B15,WT,WT,WT,WT,pt18-EOC9,WT,non-leukemic,Lin-Mature
S8PL9-pt18-EOC9-B17,Mut,WT,WT,WT,pt18-EOC9,A,non-leukemic,Lin+
S8PL9-pt18-EOC9-B19,Mut,WT,WT,WT,pt18-EOC9,A,non-leukemic,CMP
S8PL9-pt18-EOC9-B21,WT,WT,WT,WT,pt18-EOC9,WT,non-leukemic,Lin-Mature
S8PL9-pt18-EOC9-B5,WT,WT,WT,WT,pt18-EOC9,WT,non-leukemic,MEP
S8PL9-pt18-EOC9-B7,WT,WT,WT,WT,pt18-EOC9,WT,non-leukemic,Lin-Mature
S8PL9-pt18-EOC9-B9,WT,Undetected,WT,WT,pt18-EOC9,WT,non-leukemic,Lin-Mature
S8PL9-pt18-EOC9-C1,WT,WT,WT,WT,pt18-EOC9,WT,non-leukemic,Lin-Mature
S8PL9-pt18-EOC9-C13,WT,WT,WT,WT,pt18-EOC9,WT,non-leukemic,Lin+
S8PL9-pt18-EOC9-C15,WT,WT,WT,WT,pt18-EOC9,WT,non-leukemic,Lin-Mature
S8PL9-pt18-EOC9-C21,WT,WT,WT,WT,pt18-EOC9,WT,non-leukemic,Precursor
S8PL9-pt18-EOC9-C3,Mut,WT,WT,WT,pt18-EOC9,A,non-leukemic,CMP
S8PL9-pt18-EOC9-D19,WT,WT,WT,WT,pt18-EOC9,WT,non-leukemic,GMP
S8PL9-pt18-EOC9-D21,Mut,WT,WT,WT,pt18-EOC9,A,non-leukemic,Lin-Mature
S8PL9-pt18-EOC9-D3,WT,WT,WT,WT,pt18-EOC9,WT,non-leukemic,GMP
S8PL9-pt18-EOC9-D5,Mut,WT,WT,WT,pt18-EOC9,A,non-leukemic,Lin+
S8PL9-pt18-EOC9-E11,WT,WT,WT,WT,pt18-EOC9,WT,non-leukemic,CMP
S8PL9-pt18-EOC9-E19,WT,WT,WT,WT,pt18-EOC9,WT,non-leukemic,HSC
S8PL9-pt18-EOC9-E7,WT,WT,WT,Undetected,pt18-EOC9,WT,non-leukemic,Lin-Mature
S8PL9-pt18-EOC9-E9,Mut,WT,WT,WT,pt18-EOC9,A,non-leukemic,Lin+
S8PL9-pt18-EOC9-F1,Mut,WT,WT,Undetected,pt18-EOC9,A,non-leukemic,Lin+
S8PL9-pt18-EOC9-F17,Mut,WT,WT,WT,pt18-EOC9,A,non-leukemic,MEP
S8PL9-pt18-EOC9-F19,WT,WT,WT,WT,pt18-EOC9,WT,non-leukemic,Precursor
S8PL9-pt18-EOC9-F7,WT,WT,WT,WT,pt18-EOC9,WT,non-leukemic,Lin-Mature
S8PL9-pt18-EOC9-F9,Mut,WT,WT,Undetected,pt18-EOC9,A,non-leukemic,Lin-Mature
S8PL9-pt18-EOC9-G13,WT,WT,WT,WT,pt18-EOC9,WT,non-leukemic,Lin-Mature
S8PL9-pt18-EOC9-G15,WT,WT,WT,WT,pt18-EOC9,WT,non-leukemic,Lin-Mature
S8PL9-pt18-EOC9-G19,WT,WT,WT,WT,pt18-EOC9,WT,non-leukemic,CMP
S8PL9-pt18-EOC9-G5,Mut,WT,WT,WT,pt18-EOC9,A,non-leukemic,CMP
S8PL9-pt18-EOC9-H1,WT,WT,WT,WT,pt18-EOC9,WT,non-leukemic,Lin-Mature
S8PL9-pt18-EOC9-H17,Mut,WT,WT,Undetected,pt18-EOC9,A,non-leukemic,Lin-Mature
S8PL9-pt18-EOC9-H3,WT,WT,WT,WT,pt18-EOC9,WT,non-leukemic,Lin-Mature
S8PL9-pt18-EOC9-I19,Mut,WT,WT,WT,pt18-EOC9,A,non-leukemic,Precursor
S8PL9-pt18-EOC9-I3,WT,WT,WT,WT,pt18-EOC9,WT,non-leukemic,Lin-Mature
S8PL9-pt18-EOC9-I5,Mut,WT,WT,WT,pt18-EOC9,A,non-leukemic,CMP
S8PL9-pt18-EOC9-I7,Mut,WT,WT,WT,pt18-EOC9,A,non-leukemic,Lin-Mature
S8PL9-pt18-EOC9-I9,Mut,WT,WT,WT,pt18-EOC9,A,non-leukemic,Lin-Mature
S8PL9-pt18-EOC9-J1,WT,WT,WT,WT,pt18-EOC9,WT,non-leukemic,Lin-Mature
S8PL9-pt18-EOC9-J11,WT,WT,WT,WT,pt18-EOC9,WT,non-leukemic,CMP
S8PL9-pt18-EOC9-J15,WT,WT,WT,WT,pt18-EOC9,WT,non-leukemic,Lin-Mature
S8PL9-pt18-EOC9-J17,Mut,WT,WT,WT,pt18-EOC9,A,non-leukemic,Lin+
S8PL9-pt18-EOC9-J19,WT,Undetected,WT,Undetected,pt18-EOC9,Undetermined,Undetermined,GMP
S8PL9-pt18-EOC9-J21,Mut,WT,WT,Undetected,pt18-EOC9,A,non-leukemic,Lin-Mature
S8PL9-pt18-EOC9-J7,Mut,WT,WT,Undetected,pt18-EOC9,A,non-leukemic,GMP
S8PL9-pt18-EOC9-K13,Mut,WT,WT,WT,pt18-EOC9,A,non-leukemic,Lin-Mature
S8PL9-pt18-EOC9-K17,WT,WT,WT,WT,pt18-EOC9,WT,non-leukemic,Lin+
S8PL9-pt18-EOC9-K19,WT,WT,WT,WT,pt18-EOC9,WT,non-leukemic,Lin+
S8PL9-pt18-EOC9-K7,Mut,WT,WT,Undetected,pt18-EOC9,A,non-leukemic,Lin-Mature
S8PL9-pt18-EOC9-L13,WT,WT,WT,WT,pt18-EOC9,WT,non-leukemic,Lin-Mature
S8PL9-pt18-EOC9-L17,WT,WT,WT,WT,pt18-EOC9,WT,non-leukemic,Lin-Mature
S8PL9-pt18-EOC9-L21,WT,WT,WT,WT,pt18-EOC9,WT,non-leukemic,Lin-Mature
S8PL9-pt18-EOC9-M11,WT,WT,WT,Undetected,pt18-EOC9,WT,non-leukemic,Lin-Mature
S8PL9-pt18-EOC9-M15,Mut,WT,WT,Undetected,pt18-EOC9,A,non-leukemic,Lin-Mature
S8PL9-pt18-EOC9-M19,WT,Undetected,Undetected,Undetected,pt18-EOC9,Undetermined,Undetermined,Lin-Mature
S8PL9-pt18-EOC9-M7,WT,WT,WT,Undetected,pt18-EOC9,WT,non-leukemic,Lin-Mature
S8PL9-pt18-EOC9-N15,WT,WT,WT,WT,pt18-EOC9,WT,non-leukemic,MEP
S8PL9-pt18-EOC9-N21,WT,Undetected,Undetected,Undetected,pt18-EOC9,Undetermined,Undetermined,Lin-Mature
S8PL9-pt18-EOC9-N3,WT,WT,WT,WT,pt18-EOC9,WT,non-leukemic,HSC
S8PL9-pt18-EOC9-O1,WT,WT,WT,Undetected,pt18-EOC9,WT,non-leukemic,Lin-Mature
S8PL9-pt18-EOC9-O13,Mut,WT,WT,Undetected,pt18-EOC9,A,non-leukemic,Lin+
S8PL9-pt18-EOC9-O17,WT,Undetected,Undetected,Undetected,pt18-EOC9,Undetermined,Undetermined,Lin-Mature
S8PL9-pt18-EOC9-O19,Mut,WT,WT,WT,pt18-EOC9,A,non-leukemic,Lin+
S8PL9-pt18-EOC9-O3,Mut,WT,WT,WT,pt18-EOC9,A,non-leukemic,Lin+
S8PL9-pt18-EOC9-O5,Mut,WT,WT,WT,pt18-EOC9,A,non-leukemic,HSC
S8PL9-pt18-EOC9-O9,WT,WT,WT,WT,pt18-EOC9,WT,non-leukemic,HSC
S8PL9-pt18-EOC9-P1,Mut,WT,WT,Undetected,pt18-EOC9,A,non-leukemic,Lin+
S8PL9-pt18-EOC9-P15,WT,WT,WT,WT,pt18-EOC9,WT,non-leukemic,Lin-Mature
S8PL9-pt18-EOC9-P19,WT,WT,WT,WT,pt18-EOC9,WT,non-leukemic,HSC
S8PL9-pt18-EOC9-P21,WT,Undetected,Undetected,Undetected,pt18-EOC9,Undetermined,Undetermined,Lin-Mature
S8PL1-pt18-BL-M7,Undetected,Undetected,Mut,Undetected,pt18-BL,R,leukemic,LMPP
S8PL10-pt18-EOC9-A3,Undetected,WT,WT,WT,pt18-EOC9,Undetermined,Undetermined,Lin-Mature
S8PL10-pt18-EOC9-A9,Undetected,WT,Undetected,Undetected,pt18-EOC9,Undetermined,Undetermined,Lin-Mature
S8PL10-pt18-EOC9-B17,Undetected,WT,Undetected,Undetected,pt18-EOC9,Undetermined,Undetermined,Lin-Mature
S8PL10-pt18-EOC9-B7,Undetected,WT,Undetected,Undetected,pt18-EOC9,Undetermined,Undetermined,Lin-Mature
S8PL10-pt18-EOC9-C15,Undetected,WT,Undetected,Undetected,pt18-EOC9,Undetermined,Undetermined,Lin-Mature
S8PL10-pt18-EOC9-C17,Undetected,Undetected,WT,Undetected,pt18-EOC9,Undetermined,Undetermined,Lin-Mature
S8PL10-pt18-EOC9-C21,Undetected,Undetected,WT,WT,pt18-EOC9,Undetermined,Undetermined,Lin-Mature
S8PL10-pt18-EOC9-D7,Undetected,Mut,Undetected,Undetected,pt18-EOC9,RI,leukemic,Precursor
S8PL10-pt18-EOC9-E3,Undetected,Undetected,WT,Undetected,pt18-EOC9,Undetermined,Undetermined,Lin-Mature
S8PL10-pt18-EOC9-F1,Undetected,Undetected,WT,WT,pt18-EOC9,Undetermined,Undetermined,Lin-Mature
S8PL10-pt18-EOC9-G3,Undetected,Undetected,WT,Undetected,pt18-EOC9,Undetermined,Undetermined,Lin-Mature
S8PL10-pt18-EOC9-G5,Undetected,Undetected,WT,Undetected,pt18-EOC9,Undetermined,Undetermined,Lin-Mature
S8PL10-pt18-EOC9-H3,Undetected,Undetected,Undetected,WT,pt18-EOC9,Undetermined,Undetermined,Lin-Mature
S8PL10-pt18-EOC9-J1,Undetected,Undetected,WT,Undetected,pt18-EOC9,Undetermined,Undetermined,Precursor
S8PL10-pt18-EOC9-J21,Undetected,WT,Undetected,Undetected,pt18-EOC9,Undetermined,Undetermined,Lin-Mature
S8PL10-pt18-EOC9-K9,Undetected,WT,Undetected,Undetected,pt18-EOC9,Undetermined,Undetermined,Lin-Mature
S8PL10-pt18-EOC9-L7,Undetected,WT,Undetected,Undetected,pt18-EOC9,Undetermined,Undetermined,Lin+
S8PL10-pt18-EOC9-M1,Undetected,Undetected,WT,Undetected,pt18-EOC9,Undetermined,Undetermined,Lin-Mature
S8PL10-pt18-EOC9-M11,Undetected,Undetected,WT,Undetected,pt18-EOC9,Undetermined,Undetermined,Lin-Mature
S8PL10-pt18-EOC9-M5,Undetected,Undetected,Undetected,WT,pt18-EOC9,Undetermined,Undetermined,Precursor
S8PL10-pt18-EOC9-N15,Undetected,Undetected,WT,Undetected,pt18-EOC9,Undetermined,Undetermined,Lin-Mature
S8PL10-pt18-EOC9-P11,Undetected,Undetected,WT,Undetected,pt18-EOC9,Undetermined,Undetermined,Lin-Mature
S8PL11-pt18-EOC9-B15,Undetected,Undetected,WT,Undetected,pt18-EOC9,Undetermined,Undetermined,Lin-Mature
S8PL11-pt18-EOC9-C3,Undetected,Undetected,WT,Undetected,pt18-EOC9,Undetermined,Undetermined,Lin-Mature
S8PL11-pt18-EOC9-C9,Undetected,WT,Undetected,Undetected,pt18-EOC9,Undetermined,Undetermined,Lin-Mature
S8PL11-pt18-EOC9-F13,Undetected,Undetected,WT,Undetected,pt18-EOC9,Undetermined,Undetermined,CMP
S8PL11-pt18-EOC9-F19,Undetected,Undetected,Undetected,WT,pt18-EOC9,Undetermined,Undetermined,Precursor
S8PL11-pt18-EOC9-F3,Undetected,WT,Undetected,Undetected,pt18-EOC9,Undetermined,Undetermined,Lin-Mature
S8PL11-pt18-EOC9-G19,Undetected,Undetected,WT,Undetected,pt18-EOC9,Undetermined,Undetermined,Lin-Mature
S8PL11-pt18-EOC9-G3,Undetected,Undetected,Undetected,WT,pt18-EOC9,Undetermined,Undetermined,Lin-Mature
S8PL11-pt18-EOC9-G9,Undetected,Undetected,Undetected,WT,pt18-EOC9,Undetermined,Undetermined,Lin-Mature
S8PL11-pt18-EOC9-I17,Undetected,WT,WT,Undetected,pt18-EOC9,Undetermined,Undetermined,Lin-Mature
S8PL11-pt18-EOC9-I21,Undetected,WT,Undetected,Undetected,pt18-EOC9,Undetermined,Undetermined,Lin-Mature
S8PL11-pt18-EOC9-I5,Undetected,Undetected,Undetected,WT,pt18-EOC9,Undetermined,Undetermined,Lin-Mature
S8PL11-pt18-EOC9-J17,Undetected,WT,WT,WT,pt18-EOC9,Undetermined,Undetermined,Lin-Mature
S8PL11-pt18-EOC9-K5,Undetected,WT,Undetected,Undetected,pt18-EOC9,Undetermined,Undetermined,Lin-Mature
S8PL11-pt18-EOC9-L17,Undetected,Undetected,Undetected,WT,pt18-EOC9,Undetermined,Undetermined,Lin-Mature
S8PL11-pt18-EOC9-M13,Undetected,Undetected,WT,Undetected,pt18-EOC9,Undetermined,Undetermined,Lin-Mature
S8PL11-pt18-EOC9-N11,Undetected,Undetected,WT,Undetected,pt18-EOC9,Undetermined,Undetermined,Lin-Mature
S8PL11-pt18-EOC9-O1,Undetected,WT,Undetected,Undetected,pt18-EOC9,Undetermined,Undetermined,Lin-Mature
S8PL11-pt18-EOC9-O17,Undetected,Undetected,WT,Undetected,pt18-EOC9,Undetermined,Undetermined,Lin-Mature
S8PL11-pt18-EOC9-P15,Undetected,WT,Undetected,Undetected,pt18-EOC9,Undetermined,Undetermined,Lin-Mature
S8PL11-pt18-EOC9-P5,Undetected,WT,WT,WT,pt18-EOC9,Undetermined,Undetermined,HSC
S8PL11-pt18-EOC9-P7,Undetected,WT,Undetected,WT,pt18-EOC9,Undetermined,Undetermined,Lin-Mature
S8PL12-pt18-EOC9-A3,Undetected,Undetected,WT,WT,pt18-EOC9,Undetermined,Undetermined,Precursor
S8PL12-pt18-EOC9-B3,Undetected,WT,Undetected,Undetected,pt18-EOC9,Undetermined,Undetermined,Lin-Mature
S8PL12-pt18-EOC9-E15,Undetected,WT,Undetected,Undetected,pt18-EOC9,Undetermined,Undetermined,Lin-Mature
S8PL12-pt18-EOC9-E7,Undetected,WT,Undetected,Undetected,pt18-EOC9,Undetermined,Undetermined,Lin-Mature
S8PL12-pt18-EOC9-F1,Undetected,Undetected,WT,Undetected,pt18-EOC9,Undetermined,Undetermined,Lin-Mature
S8PL12-pt18-EOC9-F9,Undetected,WT,Undetected,Undetected,pt18-EOC9,Undetermined,Undetermined,Lin-Mature
S8PL12-pt18-EOC9-H1,Undetected,WT,WT,WT,pt18-EOC9,Undetermined,Undetermined,Precursor
S8PL12-pt18-EOC9-H15,Undetected,Undetected,WT,Undetected,pt18-EOC9,Undetermined,Undetermined,Precursor
S8PL12-pt18-EOC9-H7,Undetected,Undetected,WT,Undetected,pt18-EOC9,Undetermined,Undetermined,Lin-Mature
S8PL12-pt18-EOC9-J5,Undetected,Undetected,WT,Undetected,pt18-EOC9,Undetermined,Undetermined,Lin-Mature
S8PL12-pt18-EOC9-J7,Undetected,Undetected,WT,Undetected,pt18-EOC9,Undetermined,Undetermined,Lin-Mature
S8PL12-pt18-EOC9-K13,Undetected,Undetected,WT,Undetected,pt18-EOC9,Undetermined,Undetermined,Lin-Mature
S8PL12-pt18-EOC9-K5,Undetected,Undetected,WT,Undetected,pt18-EOC9,Undetermined,Undetermined,Lin-Mature
S8PL12-pt18-EOC9-K9,Undetected,Undetected,Undetected,WT,pt18-EOC9,Undetermined,Undetermined,Lin-Mature
S8PL12-pt18-EOC9-L7,Undetected,Undetected,WT,Undetected,pt18-EOC9,Undetermined,Undetermined,Lin-Mature
S8PL12-pt18-EOC9-M17,Undetected,Undetected,Undetected,WT,pt18-EOC9,Undetermined,Undetermined,NA
S8PL12-pt18-EOC9-M5,Undetected,Undetected,Undetected,WT,pt18-EOC9,Undetermined,Undetermined,Lin-Mature
S8PL12-pt18-EOC9-N11,Undetected,Undetected,WT,WT,pt18-EOC9,Undetermined,Undetermined,Lin-Mature
S8PL12-pt18-EOC9-N5,Undetected,WT,Undetected,Undetected,pt18-EOC9,Undetermined,Undetermined,Lin-Mature
S8PL12-pt18-EOC9-P15,Undetected,WT,Undetected,Undetected,pt18-EOC9,Undetermined,Undetermined,Lin-Mature
S8PL13-pt18-BL-D17,Undetected,WT,Undetected,Undetected,pt18-BL,Undetermined,Undetermined,Lin-Mature
S8PL13-pt18-BL-H11,Undetected,Undetected,WT,Undetected,pt18-BL,Undetermined,Undetermined,Lin-Mature
S8PL13-pt18-BL-H13,Undetected,WT,Undetected,Undetected,pt18-BL,Undetermined,Undetermined,Precursor
S8PL13-pt18-BL-I15,Undetected,Undetected,Undetected,WT,pt18-BL,Undetermined,Undetermined,Lin-Mature
S8PL13-pt18-BL-K9,Undetected,Undetected,WT,Undetected,pt18-BL,Undetermined,Undetermined,HSC
S8PL13-pt18-BL-M13,Undetected,Undetected,WT,Undetected,pt18-BL,Undetermined,Undetermined,Lin-Mature
S8PL13-pt18-BL-N7,Undetected,WT,Undetected,Undetected,pt18-BL,Undetermined,Undetermined,Lin-Mature
S8PL13-pt18-BL-O15,Undetected,WT,Undetected,Undetected,pt18-BL,Undetermined,Undetermined,Lin-Mature
S8PL13-pt18-BL-O19,Undetected,Undetected,Undetected,WT,pt18-BL,Undetermined,Undetermined,Lin-Mature
S8PL13-pt18-BL-P13,Undetected,WT,Undetected,Undetected,pt18-BL,Undetermined,Undetermined,Lin-Mature
S8PL13-pt18-BL-P19,Undetected,WT,Undetected,Undetected,pt18-BL,Undetermined,Undetermined,Lin-Mature
S8PL2-pt18-BL-A17,Undetected,Undetected,Mut,Undetected,pt18-BL,R,leukemic,Lin-Mature
S8PL2-pt18-BL-B7,Undetected,Mut,WT,Mut,pt18-BL,RIS,leukemic,Lin+
S8PL2-pt18-BL-C21,Undetected,Undetected,Undetected,Undetermined,pt18-BL,Undetermined,Undetermined,Lin-Mature
S8PL2-pt18-BL-J15,Undetected,Undetected,Mut,Undetected,pt18-BL,R,leukemic,LMPP
S8PL3-pt18-BL-A21,Undetected,Undetected,Mut,Undetected,pt18-BL,R,leukemic,Lin-Mature
S8PL3-pt18-BL-D13,Undetected,Undetected,Mut,Undetected,pt18-BL,R,leukemic,Lin+
S8PL3-pt18-BL-M15,Undetected,Undetected,Mut,Undetected,pt18-BL,R,leukemic,Precursor
S8PL4-pt18-BL-B9,Undetected,Undetected,Mut,Undetected,pt18-BL,R,leukemic,GMP
S8PL4-pt18-BL-D11,Undetected,Mut,Mut,Mut,pt18-BL,RIS,leukemic,LMPP
S8PL4-pt18-BL-D15,Undetected,WT,WT,WT,pt18-BL,Undetermined,Undetermined,HSC
S8PL4-pt18-BL-G1,Undetected,Mut,Mut,WT,pt18-BL,RI,leukemic,GMP
S8PL4-pt18-BL-L15,Undetected,Mut,Mut,Mut,pt18-BL,RIS,leukemic,LMPP
S8PL4-pt18-BL-N19,Undetected,Mut,Mut,WT,pt18-BL,RI,leukemic,Lin+
S8PL5-pt18-EOC1-E9,Undetected,Undetected,WT,WT,pt18-EOC1,Undetermined,Undetermined,Lin-Mature
S8PL5-pt18-EOC1-F21,Undetected,WT,Undetected,Undetected,pt18-EOC1,Undetermined,Undetermined,CMP
S8PL5-pt18-EOC1-G1,Undetected,Undetected,WT,Undetected,pt18-EOC1,Undetermined,Undetermined,Lin-Mature
S8PL6-pt18-EOC1-D15,Undetected,Mut,Mut,Mut,pt18-EOC1,RIS,leukemic,Precursor
S8PL6-pt18-EOC1-H15,Undetected,Mut,Mut,Mut,pt18-EOC1,RIS,leukemic,Lin-Mature
S8PL6-pt18-EOC1-K1,Undetected,Undetected,WT,WT,pt18-EOC1,Undetermined,Undetermined,Lin-Mature
S8PL6-pt18-EOC1-K11,Undetected,Undetected,WT,Undetected,pt18-EOC1,Undetermined,Undetermined,Lin-Mature
S8PL6-pt18-EOC1-K21,Undetected,Undetected,WT,Undetected,pt18-EOC1,Undetermined,Undetermined,Lin-Mature
S8PL6-pt18-EOC1-M19,Undetected,Undetected,Undetected,WT,pt18-EOC1,Undetermined,Undetermined,Precursor
S8PL6-pt18-EOC1-P7,Undetected,Undetected,Undetermined,WT,pt18-EOC1,Undetermined,Undetermined,Lin-Mature
S8PL7-pt18-EOC1-D17,Undetected,Undetected,Undetected,WT,pt18-EOC1,Undetermined,Undetermined,Lin-Mature
S8PL7-pt18-EOC1-E9,Undetected,Undetected,WT,Undetected,pt18-EOC1,Undetermined,Undetermined,Lin-Mature
S8PL7-pt18-EOC1-J17,Undetected,Mut,Mut,Mut,pt18-EOC1,RIS,leukemic,Lin+
S8PL7-pt18-EOC1-L17,Undetected,Undetected,Undetected,WT,pt18-EOC1,Undetermined,Undetermined,Lin-Mature
S8PL7-pt18-EOC1-L7,Undetected,WT,WT,WT,pt18-EOC1,Undetermined,Undetermined,Lin-Mature
S8PL7-pt18-EOC1-P17,Undetected,Undetected,WT,Undetected,pt18-EOC1,Undetermined,Undetermined,Lin-Mature
S8PL8-pt18-EOC1-A3,Undetected,Undetected,WT,WT,pt18-EOC1,Undetermined,Undetermined,Lin-Mature
S8PL8-pt18-EOC1-J3,Undetected,Undetected,Mut,Undetected,pt18-EOC1,R,leukemic,Lin-Mature
S8PL8-pt18-EOC1-N1,Undetected,Mut,Mut,WT,pt18-EOC1,RI,leukemic,Precursor
S8PL8-pt18-EOC1-P3,Undetected,Undetected,WT,Undetected,pt18-EOC1,Undetermined,Undetermined,Lin-Mature
S8PL9-pt18-EOC9-C17,Undetected,Undetected,Undetected,WT,pt18-EOC9,Undetermined,Undetermined,Lin-Mature
S8PL9-pt18-EOC9-C5,Undetected,Undetected,WT,Undetected,pt18-EOC9,Undetermined,Undetermined,Lin-Mature
S8PL9-pt18-EOC9-D1,Undetected,Undetected,Undetected,WT,pt18-EOC9,Undetermined,Undetermined,Lin-Mature
S8PL9-pt18-EOC9-E1,Undetected,Undetected,WT,Undetected,pt18-EOC9,Undetermined,Undetermined,Lin-Mature
S8PL9-pt18-EOC9-E3,Undetected,WT,Undetected,Undetected,pt18-EOC9,Undetermined,Undetermined,Lin-Mature
S8PL9-pt18-EOC9-F11,Undetected,Undetected,Undetected,WT,pt18-EOC9,Undetermined,Undetermined,Lin-Mature
S8PL9-pt18-EOC9-G1,Undetected,Undetected,Undetected,WT,pt18-EOC9,Undetermined,Undetermined,Lin-Mature
S8PL9-pt18-EOC9-G11,Undetected,Undetected,Undetected,WT,pt18-EOC9,Undetermined,Undetermined,Lin-Mature
S8PL9-pt18-EOC9-G9,Undetected,Undetected,WT,WT,pt18-EOC9,Undetermined,Undetermined,Lin-Mature
S8PL9-pt18-EOC9-H21,Undetected,WT,Undetected,Undetected,pt18-EOC9,Undetermined,Undetermined,Lin-Mature
S8PL9-pt18-EOC9-K11,Undetected,Undetected,WT,Undetected,pt18-EOC9,Undetermined,Undetermined,Lin-Mature
S8PL9-pt18-EOC9-K15,Undetected,Undetected,WT,Undetected,pt18-EOC9,Undetermined,Undetermined,Lin-Mature
S8PL9-pt18-EOC9-K21,Undetected,Undetected,WT,Undetected,pt18-EOC9,Undetermined,Undetermined,Lin-Mature
S8PL9-pt18-EOC9-K5,Undetected,Undetected,WT,Undetected,pt18-EOC9,Undetermined,Undetermined,Precursor
S8PL9-pt18-EOC9-K9,Undetected,WT,Undetected,Undetected,pt18-EOC9,Undetermined,Undetermined,Lin-Mature
S8PL9-pt18-EOC9-L1,Undetected,Undetected,Undetected,WT,pt18-EOC9,Undetermined,Undetermined,Lin+
S8PL9-pt18-EOC9-L5,Undetected,Undetected,Undetected,WT,pt18-EOC9,Undetermined,Undetermined,Precursor
S8PL9-pt18-EOC9-M13,Undetected,WT,WT,Undetected,pt18-EOC9,Undetermined,Undetermined,Lin-Mature
S8PL9-pt18-EOC9-M9,Undetected,Undetected,WT,Undetected,pt18-EOC9,Undetermined,Undetermined,Lin-Mature
S8PL9-pt18-EOC9-N13,Undetected,Undetected,WT,WT,pt18-EOC9,Undetermined,Undetermined,Lin+
S8PL9-pt18-EOC9-N5,Undetected,Undetected,Undetected,WT,pt18-EOC9,Undetermined,Undetermined,Lin-Mature
S8PL9-pt18-EOC9-N9,Undetected,WT,Undetected,Undetected,pt18-EOC9,Undetermined,Undetermined,Lin-Mature
S8PL9-pt18-EOC9-P3,Undetected,Undetected,WT,Undetected,pt18-EOC9,Undetermined,Undetermined,Lin-Mature
S8PL9-pt18-EOC9-P9,Undetected,Undetected,WT,Undetected,pt18-EOC9,Undetermined,Undetermined,Lin-Mature
