cell_id,Population,sampleID,CNA_SNV_clone,DNMT3A_G543C,IDH1_R132H,NPM1_W288fs,chr20_short,chr20_whole,chr21_gain,chr4_gain
S3PL01-09E-852-BL,Precursor,pt14-BL,DNI,Mut,Mut,Mut,WT,WT,WT,WT
S3PL01-13I-852-BL,Precursor,pt14-BL,DNI,Mut,Mut,Mut,WT,WT,WT,WT
S3PL01-13O-852-BL,GMP,pt14-BL,DNI,Mut,Mut,Mut,Mut,WT,WT,WT
S3PL01-13P-852-BL,Precursor,pt14-BL,DNI,Mut,Mut,Mut,Undetected,Undetected,Undetected,Undetected
S3PL01-15B-852-BL,GMP,pt14-BL,DNI,Mut,Mut,Mut,WT,WT,WT,WT
S3PL01-15C-852-BL,Precursor,pt14-BL,DNI,Mut,Mut,Mut,WT,WT,WT,WT
S3PL01-15F-852-BL,Precursor,pt14-BL,DNI,Mut,Mut,Mut,Undetected,Undetected,Undetected,Undetected
S3PL01-15L-852-BL,Precursor,pt14-BL,DNI,Mut,Mut,Mut,Mut,WT,WT,WT
S3PL01-17B-852-BL,Precursor,pt14-BL,DNI,Mut,Mut,Mut,WT,WT,WT,WT
S3PL01-17D-852-BL,Precursor,pt14-BL,DNI,Mut,Mut,Mut,WT,WT,WT,WT
S3PL01-19A-852-BL,Precursor,pt14-BL,DNI,Mut,Mut,Mut,Undetected,Undetected,Undetected,Undetected
S3PL01-19B-852-BL,Lin-Mature,pt14-BL,DNI,Mut,Mut,Mut,WT,WT,WT,WT
S3PL01-19I-852-BL,Precursor,pt14-BL,DNI,Mut,Mut,Mut,Mut,WT,WT,WT
S3PL01-19J-852-BL,Precursor,pt14-BL,DNI,Mut,Mut,Mut,Undetected,Undetected,Undetected,Undetected
S3PL01-19K-852-BL,Precursor,pt14-BL,DNI,Mut,Mut,Mut,Mut,WT,WT,WT
S3PL01-19L-852-BL,Precursor,pt14-BL,DNI,Mut,Mut,Mut,Mut,WT,WT,WT
S3PL01-19M-852-BL,Precursor,pt14-BL,DNI,Mut,Mut,Mut,WT,WT,WT,WT
S3PL01-21F-852-BL,Precursor,pt14-BL,DNI,Mut,Mut,Mut,WT,WT,WT,WT
S3PL01-21K-852-BL,Precursor,pt14-BL,DNI,Mut,Mut,Mut,Mut,WT,WT,WT
S3PL02-01O-852-BL,Precursor,pt14-BL,DNI,Mut,Mut,Mut,Undetected,Undetected,Undetected,Undetected
S3PL02-03J-852-BL,Precursor,pt14-BL,DNI,Mut,Mut,Mut,Mut,WT,WT,Mut
S3PL02-07P-852-BL,Lin-Mature,pt14-BL,DNI,Mut,Mut,Mut,WT,WT,WT,WT
S3PL02-13E-852-BL,Lin-Mature,pt14-BL,DNI,Mut,Mut,Mut,Mut,WT,WT,WT
S3PL02-13F-852-BL,Precursor,pt14-BL,DNI,Mut,Mut,Mut,WT,WT,WT,WT
S3PL02-13I-852-BL,Precursor,pt14-BL,DNI,Mut,Mut,Mut,Mut,WT,WT,WT
S3PL02-13L-852-BL,Precursor,pt14-BL,DNI,Mut,Mut,Mut,WT,WT,WT,Mut
S3PL02-13M-852-BL,GMP,pt14-BL,DNI,Mut,Mut,Mut,Mut,WT,WT,WT
S3PL02-13P-852-BL,Precursor,pt14-BL,DNI,Mut,Mut,Mut,WT,WT,WT,WT
S3PL02-15A-852-BL,Precursor,pt14-BL,DNI,Mut,Mut,Mut,Mut,WT,WT,WT
S3PL02-15C-852-BL,Precursor,pt14-BL,DNI,Mut,Mut,Mut,Mut,WT,WT,WT
S3PL02-15D-852-BL,Precursor,pt14-BL,DNI,Mut,Mut,Mut,WT,WT,WT,WT
S3PL02-15L-852-BL,Precursor,pt14-BL,DNI,Mut,Mut,Mut,WT,WT,WT,WT
S3PL02-15O-852-BL,Precursor,pt14-BL,DNI,Mut,Mut,Mut,WT,WT,WT,WT
S3PL02-17C-852-BL,Precursor,pt14-BL,DNI,Mut,Mut,Mut,WT,WT,WT,WT
S3PL02-17E-852-BL,GMP,pt14-BL,DNI,Mut,Mut,Mut,WT,WT,WT,WT
S3PL02-17F-852-BL,Precursor,pt14-BL,DNI,Mut,Mut,Mut,WT,WT,WT,WT
S3PL02-17H-852-BL,Precursor,pt14-BL,DNI,Mut,Mut,Mut,Mut,WT,WT,WT
S3PL02-17J-852-BL,Precursor,pt14-BL,DNI,Mut,Mut,Mut,WT,WT,WT,WT
S3PL02-17M-852-BL,Precursor,pt14-BL,DNI,Mut,Mut,Mut,Mut,WT,WT,WT
S3PL02-19G-852-BL,Precursor,pt14-BL,DNI,Mut,Mut,Mut,WT,WT,WT,WT
S3PL02-19L-852-BL,Precursor,pt14-BL,DNI,Mut,Mut,Mut,Undetected,Undetected,Undetected,Undetected
S3PL02-19M-852-BL,Precursor,pt14-BL,DNI,Mut,Mut,Mut,WT,WT,WT,WT
S3PL02-21A-852-BL,Precursor,pt14-BL,DNI,Mut,Mut,Mut,Mut,WT,WT,WT
S3PL02-21C-852-BL,Precursor,pt14-BL,DNI,Mut,Mut,Mut,Mut,WT,WT,WT
S3PL02-21E-852-BL,Precursor,pt14-BL,DNI,Mut,Mut,Mut,Mut,WT,WT,WT
S3PL02-21K-852-BL,Precursor,pt14-BL,DNI,Mut,Mut,Mut,Undetected,Undetected,Undetected,Undetected
S3PL02-21L-852-BL,Precursor,pt14-BL,DNI,Mut,Mut,Mut,WT,WT,WT,WT
S3PL02-21N-852-BL,Precursor,pt14-BL,DNI,Mut,Mut,Mut,WT,WT,WT,Mut
S3PL03-03D-852-BL,Lin-Mature,pt14-BL,DNI,Mut,Mut,Mut,WT,WT,WT,WT
S3PL03-03N-852-BL,Lin-Mature,pt14-BL,DNI,Mut,Mut,Mut,Undetected,Undetected,Undetected,Undetected
S3PL03-05I-852-BL,Precursor,pt14-BL,DNI,Mut,Mut,Mut,WT,WT,WT,WT
S3PL03-11D-852-BL,Lin-Mature,pt14-BL,DNI,Mut,Mut,Mut,WT,WT,WT,Mut
S3PL03-11L-852-BL,Lin-Mature,pt14-BL,DNI,Mut,Mut,Mut,Undetected,Undetected,Undetected,Undetected
S3PL03-13B-852-BL,Precursor,pt14-BL,DNI,Mut,Mut,Mut,WT,WT,WT,WT
S3PL03-13E-852-BL,Precursor,pt14-BL,DNI,Mut,Mut,Mut,Undetected,Undetected,Undetected,Undetected
S3PL03-13O-852-BL,Lin-Mature,pt14-BL,DNI,Mut,Mut,Mut,Mut,WT,WT,WT
S3PL03-13P-852-BL,Precursor,pt14-BL,DNI,Mut,Mut,Mut,WT,WT,WT,WT
S3PL03-15I-852-BL,Precursor,pt14-BL,DNI,Mut,Mut,Mut,WT,WT,WT,WT
S3PL03-17C-852-BL,Precursor,pt14-BL,DNI,Mut,Mut,Mut,WT,WT,WT,WT
S3PL03-21A-852-BL,Precursor,pt14-BL,DNI,Mut,Mut,Mut,WT,WT,WT,WT
S3PL03-21L-852-BL,Precursor,pt14-BL,DNI,Mut,Mut,Mut,WT,WT,WT,WT
S3PL04-15P-852-EOC3,Precursor,pt14-EOC3,DNI,Mut,Mut,Mut,WT,WT,WT,WT
S3PL07-05M-852-EOC3,Lin-Mature,pt14-EOC3,DNI,Mut,Mut,Mut,WT,WT,WT,WT
S4PL13-01I-852-BL,GMP,pt14-BL,DNI,Mut,Mut,Mut,Mut,WT,WT,WT
S4PL13-03F-852-BL,LMPP,pt14-BL,DNI,Mut,Mut,Mut,Mut,WT,WT,WT
S4PL13-03G-852-BL,GMP,pt14-BL,DNI,Mut,Mut,Mut,WT,WT,WT,WT
S4PL13-05E-852-BL,LMPP,pt14-BL,DNI,Mut,Mut,Mut,WT,WT,WT,WT
S4PL13-05H-852-BL,MPP,pt14-BL,DNI,Mut,Mut,Mut,WT,WT,WT,WT
S4PL13-07G-852-BL,GMP,pt14-BL,DNI,Mut,Mut,Mut,Mut,WT,WT,WT
S4PL13-07H-852-BL,GMP,pt14-BL,DNI,Mut,Mut,Mut,Mut,WT,WT,WT
S4PL13-09A-852-BL,Precursor,pt14-BL,DNI,Mut,Mut,Mut,Mut,WT,WT,WT
S4PL13-09M-852-BL,Lin-Mature,pt14-BL,DNI,Mut,Mut,Mut,Undetected,Undetected,Undetected,Undetected
S4PL13-09O-852-BL,Lin-Mature,pt14-BL,DNI,Mut,Mut,Mut,Undetected,Undetected,Undetected,Undetected
S4PL13-11K-852-BL,Lin-Mature,pt14-BL,DNI,Mut,Mut,Mut,WT,WT,WT,WT
S4PL13-11P-852-BL,Lin-Mature,pt14-BL,DNI,Mut,Mut,Mut,Undetected,Undetected,Undetected,Undetected
S4PL13-13F-852-BL,Precursor,pt14-BL,DNI,Mut,Mut,Mut,WT,WT,WT,WT
S4PL13-13N-852-BL,Precursor,pt14-BL,DNI,Mut,Mut,Mut,WT,WT,WT,WT
S4PL13-15E-852-BL,Precursor,pt14-BL,DNI,Mut,Mut,Mut,Undetected,Undetected,Undetected,Undetected
S4PL13-15F-852-BL,Precursor,pt14-BL,DNI,Mut,Mut,Mut,WT,WT,WT,WT
S4PL13-15H-852-BL,Precursor,pt14-BL,DNI,Mut,Mut,Mut,WT,WT,WT,WT
S4PL13-15L-852-BL,Precursor,pt14-BL,DNI,Mut,Mut,Mut,WT,WT,WT,WT
S4PL13-15P-852-BL,Precursor,pt14-BL,DNI,Mut,Mut,Mut,Mut,WT,WT,WT
S4PL13-17D-852-BL,Lin-Mature,pt14-BL,DNI,Mut,Mut,Mut,Undetected,Undetected,Undetected,Undetected
S4PL13-17F-852-BL,Lin-Mature,pt14-BL,DNI,Mut,Mut,Mut,Undetected,Undetected,Undetected,Undetected
S4PL13-17G-852-BL,Lin-Mature,pt14-BL,DNI,Mut,Mut,Mut,Undetected,Undetected,Undetected,Undetected
S4PL13-17N-852-BL,LMPP,pt14-BL,DNI,Mut,Mut,Mut,Mut,WT,WT,WT
S4PL13-17O-852-BL,Precursor,pt14-BL,DNI,Mut,Mut,Mut,WT,WT,WT,WT
S4PL13-19K-852-BL,Lin-Mature,pt14-BL,DNI,Mut,Mut,Mut,Undetected,Undetected,Undetected,Undetected
S4PL13-19N-852-BL,Precursor,pt14-BL,DNI,Mut,Mut,Mut,Mut,WT,WT,WT
S4PL13-21K-852-BL,Precursor,pt14-BL,DNI,Mut,Mut,Mut,Mut,WT,WT,WT
S4PL13-21N-852-BL,Precursor,pt14-BL,DNI,Mut,Mut,Mut,WT,WT,WT,WT
S3PL01-11J-852-BL,Precursor,pt14-BL,DNI,WT,Mut,Mut,WT,WT,WT,WT
S3PL01-13J-852-BL,Precursor,pt14-BL,DNI,WT,Mut,Mut,Undetected,Undetected,Undetected,Undetected
S3PL01-21D-852-BL,Precursor,pt14-BL,DNI,WT,Mut,Mut,WT,WT,WT,WT
S3PL02-03M-852-BL,Lin-Mature,pt14-BL,DNI,WT,Mut,Mut,Undetected,Undetected,Undetected,Undetected
S3PL02-05L-852-BL,Lin-Mature,pt14-BL,DNI,WT,Mut,Mut,Undetected,Undetected,Undetected,Undetected
S3PL02-11A-852-BL,Precursor,pt14-BL,DNI,WT,Mut,Mut,Mut,WT,WT,WT
S3PL02-11K-852-BL,Lin-Mature,pt14-BL,DNI,WT,Mut,Mut,Undetected,Undetected,Undetected,Undetected
S3PL02-15F-852-BL,Precursor,pt14-BL,DNI,WT,Mut,Mut,WT,WT,WT,WT
S3PL02-15G-852-BL,Precursor,pt14-BL,DNI,WT,Mut,Mut,WT,WT,WT,WT
S3PL02-21B-852-BL,Precursor,pt14-BL,DNI,WT,Mut,Mut,Mut,WT,WT,WT
S3PL03-13D-852-BL,Precursor,pt14-BL,DNI,WT,Mut,Mut,WT,WT,WT,WT
S3PL03-15L-852-BL,Precursor,pt14-BL,DNI,WT,Mut,Mut,Mut,WT,WT,WT
S3PL03-17K-852-BL,Lin-Mature,pt14-BL,DNI,WT,Mut,Mut,Undetected,Undetected,Undetected,Undetected
S3PL03-19L-852-BL,Lin-Mature,pt14-BL,DNI,WT,Mut,Mut,WT,WT,WT,WT
S4PL13-11C-852-BL,Lin-Mature,pt14-BL,DNI,WT,Mut,Mut,Undetected,Undetected,Undetected,Undetected
S4PL13-11L-852-BL,Precursor,pt14-BL,DNI,WT,Mut,Mut,Undetected,Undetected,Undetected,Undetected
S4PL13-21L-852-BL,Lin-Mature,pt14-BL,DNI,WT,Mut,Mut,WT,Mut,WT,WT
S3PL01-17O-852-BL,Precursor,pt14-BL,DNI,Undetermined,Mut,Mut,WT,WT,WT,WT
S3PL02-19C-852-BL,Precursor,pt14-BL,DNI,Undetermined,Mut,Mut,Mut,WT,WT,WT
S3PL02-19E-852-BL,Precursor,pt14-BL,DNI,Undetermined,Mut,Mut,WT,WT,WT,WT
S3PL03-13K-852-BL,Precursor,pt14-BL,DNI,Undetermined,Mut,Mut,WT,WT,WT,WT
S4PL13-15I-852-BL,Precursor,pt14-BL,DNI,Undetermined,Mut,Mut,Mut,WT,WT,WT
S3PL02-05G-852-BL,Lin-Mature,pt14-BL,DNI,Undetected,Mut,Mut,WT,WT,WT,WT
S4PL13-17K-852-BL,Lin-Mature,pt14-BL,DNI,Undetected,Mut,Mut,WT,WT,WT,WT
S3PL01-17J-852-BL,Precursor,pt14-BL,DNI,Mut,Mut,WT,WT,WT,WT,WT
S3PL03-13F-852-BL,Precursor,pt14-BL,DNI,Mut,Mut,WT,WT,WT,WT,WT
S3PL03-15F-852-BL,Precursor,pt14-BL,DNI,Mut,Mut,WT,WT,WT,WT,WT
S3PL03-17B-852-BL,Precursor,pt14-BL,DNI,Mut,Mut,WT,WT,WT,WT,WT
S4PL13-01J-852-BL,CMP,pt14-BL,DNI,Mut,Mut,WT,WT,WT,WT,WT
S4PL13-03I-852-BL,LMPP,pt14-BL,DNI,Mut,Mut,WT,WT,WT,WT,WT
S4PL13-07E-852-BL,GMP,pt14-BL,DNI,Mut,Mut,WT,WT,WT,WT,WT
S4PL13-09H-852-BL,Lin-Mature,pt14-BL,DNI,Mut,Mut,WT,WT,WT,WT,WT
S4PL13-07P-852-BL,CMP,pt14-BL,DNI,WT,Mut,WT,Mut,WT,WT,WT
S3PL01-07F-852-BL,Lin-Mature,pt14-BL,DNI,Mut,Mut,Undetermined,WT,WT,WT,WT
S3PL03-15E-852-BL,Precursor,pt14-BL,DNI,Mut,Mut,Undetermined,Mut,WT,WT,WT
S3PL01-15J-852-BL,Precursor,pt14-BL,DNI,Mut,Mut,Undetected,WT,WT,WT,WT
S3PL01-19H-852-BL,Precursor,pt14-BL,DNI,Mut,Mut,Undetected,WT,WT,WT,WT
S3PL02-05E-852-BL,Lin-Mature,pt14-BL,DNI,Mut,Mut,Undetected,Undetected,Undetected,Undetected,Undetected
S3PL02-15E-852-BL,LMPP,pt14-BL,DNI,Mut,Mut,Undetected,WT,WT,WT,WT
S3PL03-01C-852-BL,Lin-Mature,pt14-BL,DNI,Mut,Mut,Undetected,Undetected,Undetected,Undetected,Undetected
S3PL03-05O-852-BL,Lin-Mature,pt14-BL,DNI,Mut,Mut,Undetected,WT,WT,WT,WT
S4PL13-17J-852-BL,Precursor,pt14-BL,DNI,Mut,Mut,Undetected,Undetected,Undetected,Undetected,Undetected
S3PL02-17P-852-BL,Lin-Mature,pt14-BL,DNI,WT,Mut,Undetected,Undetected,Undetected,Undetected,Undetected
S3PL02-21P-852-BL,Precursor,pt14-BL,DNI,WT,Mut,Undetected,Undetected,Undetected,Undetected,Undetected
S4PL13-05O-852-BL,MPP,pt14-BL,DNI,Undetected,Mut,Undetected,Undetected,Undetected,Undetected,Undetected
S4PL13-09G-852-BL,Lin-Mature,pt14-BL,DNI,Undetected,Mut,Undetected,Undetected,Undetected,Undetected,Undetected
S4PL13-13L-852-BL,Lin-Mature,pt14-BL,DNI,Undetected,Mut,Undetected,Undetected,Undetected,Undetected,Undetected
S4PL13-13O-852-BL,Lin-Mature,pt14-BL,DNI,Undetected,Mut,Undetected,Undetected,Undetected,Undetected,Undetected
S4PL13-19D-852-BL,Lin-Mature,pt14-BL,DNI,Undetected,Mut,Undetected,Undetected,Undetected,Undetected,Undetected
S4PL13-19H-852-BL,Lin-Mature,pt14-BL,DNI,Undetected,Mut,Undetected,Undetected,Undetected,Undetected,Undetected
S4PL13-21O-852-BL,Lin-Mature,pt14-BL,DNI,Undetected,Mut,Undetected,Undetected,Undetected,Undetected,Undetected
S3PL01-05N-852-BL,Lin-Mature,pt14-BL,DN,Mut,WT,Mut,WT,WT,WT,WT
S3PL01-09H-852-BL,Precursor,pt14-BL,DN,Mut,WT,Mut,WT,WT,WT,WT
S3PL01-11L-852-BL,Precursor,pt14-BL,DN_4,Mut,WT,Mut,WT,WT,WT,Mut
S3PL01-11M-852-BL,Precursor,pt14-BL,DN,Mut,WT,Mut,WT,WT,WT,WT
S3PL01-15E-852-BL,Precursor,pt14-BL,DN,Mut,WT,Mut,WT,WT,WT,WT
S3PL01-15M-852-BL,Precursor,pt14-BL,DN,Mut,WT,Mut,WT,WT,WT,WT
S3PL01-15P-852-BL,Precursor,pt14-BL,DN,Mut,WT,Mut,WT,WT,WT,WT
S3PL01-17P-852-BL,Precursor,pt14-BL,DN,Mut,WT,Mut,WT,WT,WT,WT
S3PL01-19G-852-BL,Precursor,pt14-BL,DN,Mut,WT,Mut,WT,WT,WT,WT
S3PL02-03F-852-BL,Lin-Mature,pt14-BL,DN_4,Mut,WT,Mut,Mut,WT,WT,Mut
S3PL02-07E-852-BL,Lin-Mature,pt14-BL,DN,Mut,WT,Mut,WT,WT,WT,WT
S3PL02-07G-852-BL,Precursor,pt14-BL,DN,Mut,WT,Mut,WT,WT,WT,WT
S3PL02-13G-852-BL,Precursor,pt14-BL,DN,Mut,WT,Mut,WT,WT,WT,WT
S3PL02-13H-852-BL,Precursor,pt14-BL,DN_4,Mut,WT,Mut,WT,WT,WT,Mut
S3PL02-15I-852-BL,Precursor,pt14-BL,DN_4,Mut,WT,Mut,WT,WT,WT,Mut
S3PL02-15J-852-BL,Precursor,pt14-BL,DN,Mut,WT,Mut,WT,WT,WT,WT
S3PL02-15K-852-BL,Precursor,pt14-BL,DN,Mut,WT,Mut,WT,WT,WT,WT
S3PL02-19F-852-BL,Precursor,pt14-BL,DN,Mut,WT,Mut,WT,WT,WT,WT
S3PL02-19J-852-BL,Precursor,pt14-BL,DN,Mut,WT,Mut,WT,WT,WT,WT
S3PL02-19N-852-BL,Precursor,pt14-BL,DN,Mut,WT,Mut,WT,WT,WT,WT
S3PL02-19O-852-BL,Precursor,pt14-BL,DN,Mut,WT,Mut,Mut,WT,WT,WT
S3PL02-21D-852-BL,Precursor,pt14-BL,DN,Mut,WT,Mut,WT,WT,WT,WT
S3PL02-21H-852-BL,Precursor,pt14-BL,DN,Mut,WT,Mut,WT,WT,WT,WT
S3PL03-15M-852-BL,Precursor,pt14-BL,DN,Mut,WT,Mut,WT,WT,WT,WT
S3PL03-15O-852-BL,LMPP,pt14-BL,DN,Mut,WT,Mut,Mut,WT,WT,WT
S3PL03-15P-852-BL,Precursor,pt14-BL,DN,Mut,WT,Mut,WT,WT,WT,WT
S3PL03-21I-852-BL,Precursor,pt14-BL,DN,Mut,WT,Mut,WT,WT,WT,WT
S3PL03-21N-852-BL,Precursor,pt14-BL,DN,Mut,WT,Mut,WT,WT,WT,WT
S3PL04-01H-852-EOC3,Precursor,pt14-EOC3,DN_4,Mut,WT,Mut,WT,WT,WT,Mut
S3PL04-01K-852-EOC3,Lin-Mature,pt14-EOC3,DN_4,Mut,WT,Mut,WT,WT,WT,Mut
S3PL04-05E-852-EOC3,Precursor,pt14-EOC3,DN_4,Mut,WT,Mut,WT,WT,WT,Mut
S3PL04-07D-852-EOC3,Precursor,pt14-EOC3,DN,Mut,WT,Mut,WT,WT,WT,WT
S3PL04-11F-852-EOC3,Precursor,pt14-EOC3,DN_4,Mut,WT,Mut,WT,WT,WT,Mut
S3PL04-13A-852-EOC3,Precursor,pt14-EOC3,DN,Mut,WT,Mut,WT,WT,WT,WT
S3PL04-13O-852-EOC3,Precursor,pt14-EOC3,DN_4,Mut,WT,Mut,WT,WT,WT,Mut
S3PL04-15C-852-EOC3,Precursor,pt14-EOC3,DN_4,Mut,WT,Mut,WT,WT,WT,Mut
S3PL04-17F-852-EOC3,Precursor,pt14-EOC3,DN_4,Mut,WT,Mut,WT,WT,WT,Mut
S3PL04-17H-852-EOC3,Precursor,pt14-EOC3,DN_4,Mut,WT,Mut,WT,WT,WT,Mut
S3PL04-17M-852-EOC3,Precursor,pt14-EOC3,DN_4,Mut,WT,Mut,WT,WT,WT,Mut
S3PL04-19E-852-EOC3,Precursor,pt14-EOC3,DN_4,Mut,WT,Mut,WT,WT,WT,Mut
S3PL04-21H-852-EOC3,Precursor,pt14-EOC3,DN,Mut,WT,Mut,WT,WT,WT,WT
S3PL04-21N-852-EOC3,Precursor,pt14-EOC3,DN_4,Mut,WT,Mut,WT,WT,WT,Mut
S3PL05-01I-852-EOC3,Precursor,pt14-EOC3,DN_4,Mut,WT,Mut,WT,WT,WT,Mut
S3PL05-03E-852-EOC3,Precursor,pt14-EOC3,DN_4,Mut,WT,Mut,WT,WT,WT,Mut
S3PL05-05L-852-EOC3,Precursor,pt14-EOC3,DN_4,Mut,WT,Mut,WT,WT,WT,Mut
S3PL05-09C-852-EOC3,Lin-Mature,pt14-EOC3,DN_4,Mut,WT,Mut,WT,WT,WT,Mut
S3PL05-09O-852-EOC3,Precursor,pt14-EOC3,DN_4,Mut,WT,Mut,WT,WT,WT,Mut
S3PL05-11B-852-EOC3,Precursor,pt14-EOC3,DN_4,Mut,WT,Mut,WT,WT,WT,Mut
S3PL05-11M-852-EOC3,Precursor,pt14-EOC3,DN_4,Mut,WT,Mut,WT,WT,WT,Mut
S3PL05-13A-852-EOC3,Precursor,pt14-EOC3,DN_4,Mut,WT,Mut,WT,WT,WT,Mut
S3PL05-13D-852-EOC3,Precursor,pt14-EOC3,DN_4,Mut,WT,Mut,WT,WT,WT,Mut
S3PL05-13E-852-EOC3,Precursor,pt14-EOC3,DN_4,Mut,WT,Mut,WT,WT,WT,Mut
S3PL05-15C-852-EOC3,Precursor,pt14-EOC3,DN_4,Mut,WT,Mut,WT,WT,WT,Mut
S3PL05-15D-852-EOC3,Precursor,pt14-EOC3,DN_4,Mut,WT,Mut,WT,WT,WT,Mut
S3PL05-15E-852-EOC3,Precursor,pt14-EOC3,DN_4,Mut,WT,Mut,WT,WT,WT,Mut
S3PL05-15H-852-EOC3,Precursor,pt14-EOC3,DN_4,Mut,WT,Mut,WT,WT,WT,Mut
S3PL05-17I-852-EOC3,Precursor,pt14-EOC3,DN_4,Mut,WT,Mut,WT,WT,WT,Mut
S3PL05-17O-852-EOC3,Precursor,pt14-EOC3,DN_4,Mut,WT,Mut,WT,WT,WT,Mut
S3PL05-17P-852-EOC3,Precursor,pt14-EOC3,DN_4,Mut,WT,Mut,WT,WT,WT,Mut
S3PL05-19E-852-EOC3,Precursor,pt14-EOC3,DN_4,Mut,WT,Mut,WT,WT,WT,Mut
S3PL05-19F-852-EOC3,Precursor,pt14-EOC3,DN_4,Mut,WT,Mut,WT,WT,WT,Mut
S3PL05-19G-852-EOC3,Precursor,pt14-EOC3,DN_4,Mut,WT,Mut,WT,WT,WT,Mut
S3PL05-19M-852-EOC3,Precursor,pt14-EOC3,DN_4,Mut,WT,Mut,WT,WT,WT,Mut
S3PL05-19N-852-EOC3,Precursor,pt14-EOC3,DN_4,Mut,WT,Mut,WT,WT,WT,Mut
S3PL05-21A-852-EOC3,Precursor,pt14-EOC3,DN_4_20_or_21,Mut,WT,Mut,WT,Mut,Mut,Mut
S3PL05-21C-852-EOC3,Precursor,pt14-EOC3,DN_4,Mut,WT,Mut,WT,WT,WT,Mut
S3PL05-21E-852-EOC3,Precursor,pt14-EOC3,DN_4,Mut,WT,Mut,WT,WT,WT,Mut
S3PL06-03C-852-EOC3,Precursor,pt14-EOC3,DN_4,Mut,WT,Mut,WT,WT,WT,Mut
S3PL06-07E-852-EOC3,Precursor,pt14-EOC3,DN_4,Mut,WT,Mut,WT,WT,WT,Mut
S3PL06-09L-852-EOC3,Precursor,pt14-EOC3,DN_4,Mut,WT,Mut,WT,WT,WT,Mut
S3PL06-11F-852-EOC3,Precursor,pt14-EOC3,DN,Mut,WT,Mut,WT,WT,WT,WT
S3PL06-11G-852-EOC3,Precursor,pt14-EOC3,DN_4_21,Mut,WT,Mut,WT,WT,Mut,Mut
S3PL06-13C-852-EOC3,Precursor,pt14-EOC3,DN_4_20,Mut,WT,Mut,WT,Mut,WT,Mut
S3PL06-13M-852-EOC3,Precursor,pt14-EOC3,DN_4,Mut,WT,Mut,WT,WT,WT,Mut
S3PL06-13P-852-EOC3,Precursor,pt14-EOC3,DN_4_21,Mut,WT,Mut,WT,WT,Mut,Mut
S3PL06-15B-852-EOC3,Precursor,pt14-EOC3,DN_4,Mut,WT,Mut,WT,WT,WT,Mut
S3PL06-17B-852-EOC3,Precursor,pt14-EOC3,DN_4,Mut,WT,Mut,WT,WT,WT,Mut
S3PL06-17C-852-EOC3,Precursor,pt14-EOC3,DN_4_20,Mut,WT,Mut,WT,Mut,WT,Mut
S3PL06-17G-852-EOC3,Precursor,pt14-EOC3,DN_4,Mut,WT,Mut,WT,WT,WT,Mut
S3PL06-17I-852-EOC3,Precursor,pt14-EOC3,DN_4,Mut,WT,Mut,WT,WT,WT,Mut
S3PL06-19B-852-EOC3,Precursor,pt14-EOC3,DN_4,Mut,WT,Mut,WT,WT,WT,Mut
S3PL06-19E-852-EOC3,Precursor,pt14-EOC3,DN_4,Mut,WT,Mut,WT,WT,WT,Mut
S3PL06-19F-852-EOC3,Precursor,pt14-EOC3,DN_4,Mut,WT,Mut,WT,WT,WT,Mut
S3PL06-19I-852-EOC3,Precursor,pt14-EOC3,DN,Mut,WT,Mut,WT,WT,WT,WT
S3PL06-19J-852-EOC3,Precursor,pt14-EOC3,DN_4,Mut,WT,Mut,WT,WT,WT,Mut
S3PL06-21F-852-EOC3,Precursor,pt14-EOC3,DN_4,Mut,WT,Mut,WT,WT,WT,Mut
S3PL06-21O-852-EOC3,LMPP,pt14-EOC3,DN_4_21,Mut,WT,Mut,WT,WT,Mut,Mut
S3PL06-21P-852-EOC3,LMPP,pt14-EOC3,DN_4,Mut,WT,Mut,WT,WT,WT,Mut
S3PL07-03E-852-EOC3,Precursor,pt14-EOC3,DN_4,Mut,WT,Mut,WT,WT,WT,Mut
S3PL07-03G-852-EOC3,Precursor,pt14-EOC3,DN_4,Mut,WT,Mut,WT,WT,WT,Mut
S3PL07-07E-852-EOC3,Precursor,pt14-EOC3,DN_4,Mut,WT,Mut,WT,WT,WT,Mut
S3PL07-09A-852-EOC3,Precursor,pt14-EOC3,DN_4,Mut,WT,Mut,WT,WT,WT,Mut
S3PL07-09B-852-EOC3,LMPP,pt14-EOC3,DN_4_21,Mut,WT,Mut,WT,WT,Mut,Mut
S3PL07-09C-852-EOC3,Precursor,pt14-EOC3,DN_4,Mut,WT,Mut,WT,WT,WT,Mut
S3PL07-11B-852-EOC3,Precursor,pt14-EOC3,DN_4,Mut,WT,Mut,WT,WT,WT,Mut
S3PL07-13A-852-EOC3,Precursor,pt14-EOC3,DN_4,Mut,WT,Mut,WT,WT,WT,Mut
S3PL07-13E-852-EOC3,Precursor,pt14-EOC3,DN_4,Mut,WT,Mut,WT,WT,WT,Mut
S3PL07-13M-852-EOC3,Precursor,pt14-EOC3,DN_4,Mut,WT,Mut,WT,WT,WT,Mut
S3PL07-15D-852-EOC3,Precursor,pt14-EOC3,DN_4,Mut,WT,Mut,WT,WT,WT,Mut
S3PL07-15M-852-EOC3,Precursor,pt14-EOC3,DN_4,Mut,WT,Mut,WT,WT,WT,Mut
S3PL07-15P-852-EOC3,GMP,pt14-EOC3,DN,Mut,WT,Mut,WT,WT,WT,WT
S3PL07-17B-852-EOC3,Precursor,pt14-EOC3,DN_4,Mut,WT,Mut,WT,WT,WT,Mut
S3PL07-21D-852-EOC3,Precursor,pt14-EOC3,DN_4_20,Mut,WT,Mut,WT,Mut,WT,Mut
S3PL08-01B-852-REL,Precursor,pt14-REL,DN_4_21,Mut,WT,Mut,WT,WT,Mut,Mut
S3PL08-01D-852-REL,Precursor,pt14-REL,DN_4_21,Mut,WT,Mut,WT,WT,Mut,Mut
S3PL08-01E-852-REL,Precursor,pt14-REL,DN_4,Mut,WT,Mut,WT,WT,WT,Mut
S3PL08-01F-852-REL,Precursor,pt14-REL,DN_4,Mut,WT,Mut,WT,WT,WT,Mut
S3PL08-01G-852-REL,Precursor,pt14-REL,DN_4,Mut,WT,Mut,WT,WT,WT,Mut
S3PL08-01H-852-REL,Precursor,pt14-REL,DN_4,Mut,WT,Mut,WT,WT,WT,Mut
S3PL08-01I-852-REL,Precursor,pt14-REL,DN_4,Mut,WT,Mut,WT,WT,WT,Mut
S3PL08-01J-852-REL,Precursor,pt14-REL,DN_4_21,Mut,WT,Mut,WT,WT,Mut,Mut
S3PL08-01K-852-REL,Precursor,pt14-REL,DN_4,Mut,WT,Mut,WT,WT,WT,Mut
S3PL08-01L-852-REL,Precursor,pt14-REL,DN_4_21,Mut,WT,Mut,WT,WT,Mut,Mut
S3PL08-01M-852-REL,Precursor,pt14-REL,DN_4,Mut,WT,Mut,WT,WT,WT,Mut
S3PL08-01P-852-REL,Precursor,pt14-REL,DN,Mut,WT,Mut,WT,WT,WT,WT
S3PL08-03B-852-REL,Precursor,pt14-REL,DN,Mut,WT,Mut,WT,WT,WT,WT
S3PL08-03C-852-REL,Precursor,pt14-REL,DN_4,Mut,WT,Mut,WT,WT,WT,Mut
S3PL08-03D-852-REL,Precursor,pt14-REL,DN_4,Mut,WT,Mut,WT,WT,WT,Mut
S3PL08-03E-852-REL,Precursor,pt14-REL,DN_4,Mut,WT,Mut,WT,WT,WT,Mut
S3PL08-03F-852-REL,Precursor,pt14-REL,DN_4_21,Mut,WT,Mut,WT,WT,Mut,Mut
S3PL08-03G-852-REL,Precursor,pt14-REL,DN,Mut,WT,Mut,WT,WT,WT,WT
S3PL08-03H-852-REL,Precursor,pt14-REL,DN_4,Mut,WT,Mut,WT,WT,WT,Mut
S3PL08-03I-852-REL,Precursor,pt14-REL,DN_4,Mut,WT,Mut,WT,WT,WT,Mut
S3PL08-03K-852-REL,Precursor,pt14-REL,DN_4,Mut,WT,Mut,WT,WT,WT,Mut
S3PL08-03L-852-REL,Precursor,pt14-REL,DN_4_21,Mut,WT,Mut,WT,WT,Mut,Mut
S3PL08-03M-852-REL,Precursor,pt14-REL,DN_4,Mut,WT,Mut,WT,WT,WT,Mut
S3PL08-03N-852-REL,Precursor,pt14-REL,DN,Mut,WT,Mut,WT,WT,WT,WT
S3PL08-03P-852-REL,Precursor,pt14-REL,DN_4,Mut,WT,Mut,WT,WT,WT,Mut
S3PL08-05A-852-REL,Precursor,pt14-REL,DN_4,Mut,WT,Mut,WT,WT,WT,Mut
S3PL08-05B-852-REL,Precursor,pt14-REL,DN_4_20,Mut,WT,Mut,WT,Mut,WT,Mut
S3PL08-05C-852-REL,Precursor,pt14-REL,DN_4_20,Mut,WT,Mut,WT,Mut,WT,WT
S3PL08-05E-852-REL,Precursor,pt14-REL,DN_4_20,Mut,WT,Mut,WT,Mut,WT,Mut
S3PL08-05F-852-REL,Precursor,pt14-REL,DN_4_21,Mut,WT,Mut,WT,WT,Mut,Mut
S3PL08-05G-852-REL,Precursor,pt14-REL,DN_4,Mut,WT,Mut,WT,WT,WT,Mut
S3PL08-05I-852-REL,Precursor,pt14-REL,DN_4_21,Mut,WT,Mut,Mut,WT,Mut,Mut
S3PL08-05J-852-REL,Precursor,pt14-REL,DN_4,Mut,WT,Mut,WT,WT,WT,Mut
S3PL08-05K-852-REL,Precursor,pt14-REL,DN_4,Mut,WT,Mut,WT,WT,WT,Mut
S3PL08-05L-852-REL,Precursor,pt14-REL,DN_4,Mut,WT,Mut,WT,WT,WT,Mut
S3PL08-05M-852-REL,Precursor,pt14-REL,DN_4,Mut,WT,Mut,WT,WT,WT,Mut
S3PL08-05O-852-REL,Precursor,pt14-REL,DN_4_21,Mut,WT,Mut,WT,WT,Mut,Mut
S3PL08-07A-852-REL,Precursor,pt14-REL,DN_4_21,Mut,WT,Mut,WT,WT,Mut,Mut
S3PL08-07B-852-REL,Precursor,pt14-REL,DN_4_21,Mut,WT,Mut,WT,WT,Mut,Mut
S3PL08-07C-852-REL,Precursor,pt14-REL,DN_4,Mut,WT,Mut,WT,WT,WT,Mut
S3PL08-07D-852-REL,Precursor,pt14-REL,DN_4_21,Mut,WT,Mut,WT,WT,Mut,Mut
S3PL08-07E-852-REL,Precursor,pt14-REL,DN_4,Mut,WT,Mut,WT,WT,WT,Mut
S3PL08-07F-852-REL,Precursor,pt14-REL,DN_4,Mut,WT,Mut,WT,WT,WT,Mut
S3PL08-07G-852-REL,Precursor,pt14-REL,DN_4,Mut,WT,Mut,WT,WT,WT,Mut
S3PL08-07H-852-REL,Precursor,pt14-REL,DN_4,Mut,WT,Mut,WT,WT,WT,Mut
S3PL08-07I-852-REL,Precursor,pt14-REL,DN_4_21,Mut,WT,Mut,WT,WT,Mut,Mut
S3PL08-07J-852-REL,Precursor,pt14-REL,DN_4,Mut,WT,Mut,WT,WT,WT,Mut
S3PL08-07K-852-REL,Precursor,pt14-REL,DN_4_21,Mut,WT,Mut,WT,WT,Mut,Mut
S3PL08-07L-852-REL,Precursor,pt14-REL,DN_4,Mut,WT,Mut,WT,WT,WT,Mut
S3PL08-07M-852-REL,Precursor,pt14-REL,DN_4,Mut,WT,Mut,WT,WT,WT,Mut
S3PL08-07N-852-REL,Precursor,pt14-REL,DN_4,Mut,WT,Mut,WT,WT,WT,Mut
S3PL08-07O-852-REL,Precursor,pt14-REL,DN_4_21,Mut,WT,Mut,WT,WT,Mut,Mut
S3PL08-09B-852-REL,Precursor,pt14-REL,DN_4,Mut,WT,Mut,Mut,WT,WT,Mut
S3PL08-09D-852-REL,Precursor,pt14-REL,DN_4,Mut,WT,Mut,WT,WT,WT,Mut
S3PL08-09E-852-REL,Precursor,pt14-REL,DN_4,Mut,WT,Mut,WT,WT,WT,Mut
S3PL08-09F-852-REL,Precursor,pt14-REL,DN,Mut,WT,Mut,WT,WT,WT,WT
S3PL08-09G-852-REL,Precursor,pt14-REL,DN_4,Mut,WT,Mut,WT,WT,WT,Mut
S3PL08-09J-852-REL,Precursor,pt14-REL,DN_4,Mut,WT,Mut,WT,WT,WT,Mut
S3PL08-09K-852-REL,Precursor,pt14-REL,DN_4_21,Mut,WT,Mut,WT,WT,Mut,Mut
S3PL08-09L-852-REL,Precursor,pt14-REL,DN_4,Mut,WT,Mut,WT,WT,WT,Mut
S3PL08-09M-852-REL,Precursor,pt14-REL,DN_4_21,Mut,WT,Mut,WT,WT,Mut,Mut
S3PL08-09N-852-REL,Precursor,pt14-REL,DN_4_21,Mut,WT,Mut,WT,WT,Mut,Mut
S3PL08-09O-852-REL,Precursor,pt14-REL,DN_4,Mut,WT,Mut,WT,WT,WT,Mut
S3PL08-09P-852-REL,Precursor,pt14-REL,DN_4_20,Mut,WT,Mut,WT,Mut,WT,Mut
S3PL08-11C-852-REL,Precursor,pt14-REL,DN,Mut,WT,Mut,WT,WT,WT,WT
S3PL08-11D-852-REL,GMP,pt14-REL,DN_4_21,Mut,WT,Mut,WT,WT,Mut,Mut
S3PL08-11E-852-REL,GMP,pt14-REL,DN_4_21,Mut,WT,Mut,WT,WT,Mut,Mut
S3PL08-11H-852-REL,GMP,pt14-REL,DN,Mut,WT,Mut,WT,WT,WT,WT
S3PL08-11J-852-REL,GMP,pt14-REL,DN_4,Mut,WT,Mut,WT,WT,WT,Mut
S3PL08-11M-852-REL,GMP,pt14-REL,DN_4,Mut,WT,Mut,WT,WT,WT,Mut
S3PL08-11N-852-REL,LMPP,pt14-REL,DN_4_21,Mut,WT,Mut,WT,WT,Mut,Mut
S3PL08-11O-852-REL,Precursor,pt14-REL,DN_4_21,Mut,WT,Mut,WT,WT,Mut,Mut
S3PL08-11P-852-REL,CMP,pt14-REL,DN_4_21,Mut,WT,Mut,WT,WT,Mut,Mut
S3PL08-13D-852-REL,GMP,pt14-REL,DN_4,Mut,WT,Mut,WT,WT,WT,Mut
S3PL08-13E-852-REL,GMP,pt14-REL,DN_4,Mut,WT,Mut,WT,WT,WT,Mut
S3PL08-13F-852-REL,GMP,pt14-REL,DN_4_21,Mut,WT,Mut,WT,WT,Mut,Mut
S3PL08-13G-852-REL,Precursor,pt14-REL,DN_4,Mut,WT,Mut,WT,WT,WT,Mut
S3PL08-13H-852-REL,Precursor,pt14-REL,DN_4,Mut,WT,Mut,WT,WT,WT,Mut
S3PL08-13I-852-REL,Precursor,pt14-REL,DN_4,Mut,WT,Mut,WT,WT,WT,Mut
S3PL08-13J-852-REL,CMP,pt14-REL,DN_4,Mut,WT,Mut,WT,WT,WT,Mut
S3PL08-13L-852-REL,LMPP,pt14-REL,DN_4_21,Mut,WT,Mut,WT,WT,Mut,Mut
S3PL08-13N-852-REL,Precursor,pt14-REL,DN_4_20,Mut,WT,Mut,WT,Mut,WT,Mut
S3PL08-13P-852-REL,Precursor,pt14-REL,DN_4_21,Mut,WT,Mut,WT,WT,Mut,WT
S3PL08-15A-852-REL,GMP,pt14-REL,DN_4,Mut,WT,Mut,WT,WT,WT,Mut
S3PL08-15C-852-REL,CMP,pt14-REL,DN,Mut,WT,Mut,WT,WT,WT,WT
S3PL08-15D-852-REL,LMPP,pt14-REL,DN_4_21,Mut,WT,Mut,WT,WT,Mut,Mut
S3PL08-15G-852-REL,GMP,pt14-REL,DN_4,Mut,WT,Mut,WT,WT,WT,Mut
S3PL08-15H-852-REL,MPP,pt14-REL,DN_4,Mut,WT,Mut,WT,WT,WT,Mut
S3PL08-15I-852-REL,GMP,pt14-REL,DN_4_21,Mut,WT,Mut,WT,WT,Mut,Mut
S3PL08-15J-852-REL,GMP,pt14-REL,DN_4,Mut,WT,Mut,WT,WT,WT,Mut
S3PL08-15M-852-REL,Precursor,pt14-REL,DN_4,Mut,WT,Mut,WT,WT,WT,Mut
S3PL08-15O-852-REL,GMP,pt14-REL,DN_4_21,Mut,WT,Mut,WT,WT,Mut,Mut
S3PL08-15P-852-REL,CMP,pt14-REL,DN_4,Mut,WT,Mut,WT,WT,WT,Mut
S3PL08-17A-852-REL,GMP,pt14-REL,DN,Mut,WT,Mut,WT,WT,WT,WT
S3PL08-17B-852-REL,CMP,pt14-REL,DN_4,Mut,WT,Mut,WT,WT,WT,Mut
S3PL08-17C-852-REL,GMP,pt14-REL,DN_4,Mut,WT,Mut,WT,WT,WT,Mut
S3PL08-17E-852-REL,CMP,pt14-REL,DN_4_20,Mut,WT,Mut,WT,Mut,WT,Mut
S3PL08-17G-852-REL,LMPP,pt14-REL,DN_4_21,Mut,WT,Mut,WT,WT,Mut,Mut
S3PL08-17I-852-REL,GMP,pt14-REL,DN,Mut,WT,Mut,Mut,WT,WT,WT
S3PL08-17K-852-REL,CMP,pt14-REL,DN,Mut,WT,Mut,WT,WT,WT,WT
S3PL08-17L-852-REL,CMP,pt14-REL,DN_4,Mut,WT,Mut,Mut,WT,WT,Mut
S3PL08-17O-852-REL,Precursor,pt14-REL,DN_4,Mut,WT,Mut,WT,WT,WT,Mut
S3PL08-17P-852-REL,CMP,pt14-REL,DN_4_20,Mut,WT,Mut,WT,Mut,WT,Mut
S3PL08-19P-852-REL,Precursor,pt14-REL,DN_4,Mut,WT,Mut,Mut,WT,WT,Mut
S3PL08-21A-852-REL,Lin-Mature,pt14-REL,DN_4,Mut,WT,Mut,WT,WT,WT,Mut
S3PL08-21E-852-REL,Lin-Mature,pt14-REL,DN_4,Mut,WT,Mut,WT,WT,WT,Mut
S3PL09-01A-852-REL,Precursor,pt14-REL,DN_4,Mut,WT,Mut,WT,WT,WT,Mut
S3PL09-01B-852-REL,Precursor,pt14-REL,DN_4,Mut,WT,Mut,WT,WT,WT,Mut
S3PL09-01D-852-REL,Precursor,pt14-REL,DN_4,Mut,WT,Mut,WT,WT,WT,Mut
S3PL09-01G-852-REL,Precursor,pt14-REL,DN_4,Mut,WT,Mut,WT,WT,WT,Mut
S3PL09-01H-852-REL,Precursor,pt14-REL,DN_4,Mut,WT,Mut,WT,WT,WT,Mut
S3PL09-01J-852-REL,Precursor,pt14-REL,DN_4_21,Mut,WT,Mut,WT,WT,Mut,Mut
S3PL09-01L-852-REL,Precursor,pt14-REL,DN_4_21,Mut,WT,Mut,Mut,WT,Mut,Mut
S3PL09-01M-852-REL,Precursor,pt14-REL,DN_4_21,Mut,WT,Mut,WT,WT,Mut,Mut
S3PL09-01N-852-REL,Precursor,pt14-REL,DN_4,Mut,WT,Mut,WT,WT,WT,Mut
S3PL09-03C-852-REL,Precursor,pt14-REL,DN_4_21,Mut,WT,Mut,WT,WT,Mut,Mut
S3PL09-03D-852-REL,Precursor,pt14-REL,DN_4,Mut,WT,Mut,WT,WT,WT,Mut
S3PL09-03J-852-REL,Precursor,pt14-REL,DN_4,Mut,WT,Mut,WT,WT,WT,Mut
S3PL09-03O-852-REL,Precursor,pt14-REL,DN_4,Mut,WT,Mut,WT,WT,WT,Mut
S3PL09-05A-852-REL,Precursor,pt14-REL,DN_4,Mut,WT,Mut,WT,WT,WT,Mut
S3PL09-05B-852-REL,Precursor,pt14-REL,DN_4_21,Mut,WT,Mut,WT,WT,Mut,Mut
S3PL09-05D-852-REL,Precursor,pt14-REL,DN_4_21,Mut,WT,Mut,WT,WT,Mut,Mut
S3PL09-05E-852-REL,Precursor,pt14-REL,DN_4,Mut,WT,Mut,WT,WT,WT,Mut
S3PL09-05F-852-REL,Precursor,pt14-REL,DN_4,Mut,WT,Mut,WT,WT,WT,Mut
S3PL09-05G-852-REL,Precursor,pt14-REL,DN_4,Mut,WT,Mut,WT,WT,WT,Mut
S3PL09-05H-852-REL,Precursor,pt14-REL,DN_4_21,Mut,WT,Mut,WT,WT,Mut,Mut
S3PL09-05I-852-REL,Precursor,pt14-REL,DN_4,Mut,WT,Mut,WT,WT,WT,Mut
S3PL09-05J-852-REL,Precursor,pt14-REL,DN_4_21,Mut,WT,Mut,WT,WT,Mut,Mut
S3PL09-05M-852-REL,Precursor,pt14-REL,DN_4_21,Mut,WT,Mut,WT,WT,Mut,Mut
S3PL09-05N-852-REL,Precursor,pt14-REL,DN_4,Mut,WT,Mut,WT,WT,WT,Mut
S3PL09-05P-852-REL,Precursor,pt14-REL,DN_4,Mut,WT,Mut,WT,WT,WT,Mut
S3PL09-07A-852-REL,Precursor,pt14-REL,DN_4_21,Mut,WT,Mut,WT,WT,Mut,Mut
S3PL09-07D-852-REL,Precursor,pt14-REL,DN_4,Mut,WT,Mut,WT,WT,WT,Mut
S3PL09-07F-852-REL,Precursor,pt14-REL,DN_4,Mut,WT,Mut,WT,WT,WT,Mut
S3PL09-07J-852-REL,Precursor,pt14-REL,DN_4_21,Mut,WT,Mut,WT,WT,Mut,Mut
S3PL09-07K-852-REL,Precursor,pt14-REL,DN_4,Mut,WT,Mut,WT,WT,WT,Mut
S3PL09-07M-852-REL,Precursor,pt14-REL,DN_4,Mut,WT,Mut,WT,WT,WT,Mut
S3PL09-07O-852-REL,Precursor,pt14-REL,DN_4,Mut,WT,Mut,WT,WT,WT,Mut
S3PL09-07P-852-REL,Precursor,pt14-REL,DN_4_21,Mut,WT,Mut,WT,WT,Mut,Mut
S3PL09-09B-852-REL,Precursor,pt14-REL,DN_4,Mut,WT,Mut,WT,WT,WT,Mut
S3PL09-09C-852-REL,Precursor,pt14-REL,DN_4,Mut,WT,Mut,WT,WT,WT,Mut
S3PL09-09E-852-REL,Precursor,pt14-REL,DN_4_21,Mut,WT,Mut,WT,WT,Mut,Mut
S3PL09-09G-852-REL,Precursor,pt14-REL,DN_4_21,Mut,WT,Mut,WT,WT,Mut,Mut
S3PL09-09I-852-REL,Precursor,pt14-REL,DN_4,Mut,WT,Mut,WT,WT,WT,Mut
S3PL09-09J-852-REL,Precursor,pt14-REL,DN_4_21,Mut,WT,Mut,WT,WT,Mut,Mut
S3PL09-09K-852-REL,Precursor,pt14-REL,DN_4,Mut,WT,Mut,WT,WT,WT,Mut
S3PL09-09L-852-REL,Precursor,pt14-REL,DN_4,Mut,WT,Mut,WT,WT,WT,Mut
S3PL09-09M-852-REL,Precursor,pt14-REL,DN_4_20,Mut,WT,Mut,WT,Mut,WT,Mut
S3PL09-11C-852-REL,GMP,pt14-REL,DN_4,Mut,WT,Mut,WT,WT,WT,Mut
S3PL09-11D-852-REL,CMP,pt14-REL,DN_4_21,Mut,WT,Mut,Mut,WT,Mut,Mut
S3PL09-11F-852-REL,GMP,pt14-REL,DN,Mut,WT,Mut,Mut,WT,WT,WT
S3PL09-11G-852-REL,GMP,pt14-REL,DN,Mut,WT,Mut,WT,WT,WT,WT
S3PL09-11K-852-REL,Precursor,pt14-REL,DN,Mut,WT,Mut,WT,WT,WT,WT
S3PL09-11M-852-REL,LMPP,pt14-REL,DN_4,Mut,WT,Mut,WT,WT,WT,Mut
S3PL09-11P-852-REL,GMP,pt14-REL,DN,Mut,WT,Mut,Mut,WT,WT,WT
S3PL09-13B-852-REL,CMP,pt14-REL,DN_4,Mut,WT,Mut,WT,WT,WT,Mut
S3PL09-13C-852-REL,CMP,pt14-REL,DN_4,Mut,WT,Mut,WT,WT,WT,Mut
S3PL09-13D-852-REL,GMP,pt14-REL,DN_4,Mut,WT,Mut,WT,WT,WT,Mut
S3PL09-13G-852-REL,CMP,pt14-REL,DN_4,Mut,WT,Mut,WT,WT,WT,Mut
S3PL09-13J-852-REL,GMP,pt14-REL,DN_4,Mut,WT,Mut,WT,WT,WT,Mut
S3PL09-13M-852-REL,Precursor,pt14-REL,DN_4,Mut,WT,Mut,WT,WT,WT,Mut
S3PL09-13P-852-REL,GMP,pt14-REL,DN_4,Mut,WT,Mut,WT,WT,WT,Mut
S3PL09-15A-852-REL,GMP,pt14-REL,DN,Mut,WT,Mut,Mut,WT,WT,WT
S3PL09-15B-852-REL,GMP,pt14-REL,DN,Mut,WT,Mut,WT,WT,WT,WT
S3PL09-15C-852-REL,Precursor,pt14-REL,DN_4_21,Mut,WT,Mut,WT,WT,Mut,Mut
S3PL09-15D-852-REL,Precursor,pt14-REL,DN_4,Mut,WT,Mut,WT,WT,WT,Mut
S3PL09-15G-852-REL,GMP,pt14-REL,DN_4_20,Mut,WT,Mut,WT,Mut,WT,WT
S3PL09-15I-852-REL,GMP,pt14-REL,DN,Mut,WT,Mut,WT,WT,WT,WT
S3PL09-15J-852-REL,GMP,pt14-REL,DN,Mut,WT,Mut,WT,WT,WT,WT
S3PL09-15L-852-REL,CMP,pt14-REL,DN_4_20,Mut,WT,Mut,WT,Mut,WT,Mut
S3PL09-15N-852-REL,GMP,pt14-REL,DN_4,Mut,WT,Mut,WT,WT,WT,Mut
S3PL09-15O-852-REL,GMP,pt14-REL,DN,Mut,WT,Mut,WT,WT,WT,WT
S3PL09-17A-852-REL,Precursor,pt14-REL,DN_4,Mut,WT,Mut,WT,WT,WT,Mut
S3PL09-17D-852-REL,GMP,pt14-REL,DN,Mut,WT,Mut,WT,WT,WT,WT
S3PL09-17E-852-REL,GMP,pt14-REL,DN_4,Mut,WT,Mut,WT,WT,WT,Mut
S3PL09-17F-852-REL,LMPP,pt14-REL,DN_4,Mut,WT,Mut,WT,WT,WT,Mut
S3PL09-17I-852-REL,CMP,pt14-REL,DN_4,Mut,WT,Mut,WT,WT,WT,Mut
S3PL09-17K-852-REL,GMP,pt14-REL,DN_4,Mut,WT,Mut,WT,WT,WT,Mut
S3PL09-17L-852-REL,GMP,pt14-REL,DN,Mut,WT,Mut,WT,WT,WT,WT
S3PL09-17N-852-REL,GMP,pt14-REL,DN,Mut,WT,Mut,WT,WT,WT,WT
S3PL09-17O-852-REL,LMPP,pt14-REL,DN_4,Mut,WT,Mut,WT,WT,WT,Mut
S3PL09-19B-852-REL,Lin-Mature,pt14-REL,DN,Mut,WT,Mut,WT,WT,WT,WT
S3PL09-19H-852-REL,Precursor,pt14-REL,DN_4,Mut,WT,Mut,WT,WT,WT,Mut
S3PL09-21I-852-REL,Precursor,pt14-REL,DN_4,Mut,WT,Mut,WT,WT,WT,Mut
S3PL10-01A-852-REL,Precursor,pt14-REL,DN_4,Mut,WT,Mut,WT,WT,WT,Mut
S3PL10-01B-852-REL,Precursor,pt14-REL,DN_4,Mut,WT,Mut,WT,WT,WT,Mut
S3PL10-01E-852-REL,Precursor,pt14-REL,DN_4,Mut,WT,Mut,WT,WT,WT,Mut
S3PL10-01H-852-REL,Precursor,pt14-REL,DN_4,Mut,WT,Mut,Mut,WT,WT,Mut
S3PL10-01L-852-REL,Precursor,pt14-REL,DN_4,Mut,WT,Mut,WT,WT,WT,Mut
S3PL10-01N-852-REL,Precursor,pt14-REL,DN_4,Mut,WT,Mut,WT,WT,WT,Mut
S3PL10-01O-852-REL,Precursor,pt14-REL,DN_4,Mut,WT,Mut,WT,WT,WT,Mut
S3PL10-01P-852-REL,Precursor,pt14-REL,DN_4,Mut,WT,Mut,WT,WT,WT,Mut
S3PL10-03A-852-REL,Precursor,pt14-REL,DN_4_21,Mut,WT,Mut,WT,WT,Mut,Mut
S3PL10-03C-852-REL,Precursor,pt14-REL,DN_4,Mut,WT,Mut,WT,WT,WT,Mut
S3PL10-03F-852-REL,Precursor,pt14-REL,DN_4,Mut,WT,Mut,WT,WT,WT,Mut
S3PL10-03G-852-REL,Precursor,pt14-REL,DN_4,Mut,WT,Mut,WT,WT,WT,Mut
S3PL10-03H-852-REL,Precursor,pt14-REL,DN_4,Mut,WT,Mut,WT,WT,WT,Mut
S3PL10-03J-852-REL,Precursor,pt14-REL,DN_4,Mut,WT,Mut,WT,WT,WT,Mut
S3PL10-03M-852-REL,Precursor,pt14-REL,DN_4,Mut,WT,Mut,WT,WT,WT,Mut
S3PL10-03N-852-REL,Precursor,pt14-REL,DN_4_20,Mut,WT,Mut,WT,Mut,WT,Mut
S3PL10-03O-852-REL,Precursor,pt14-REL,DN_4_21,Mut,WT,Mut,WT,WT,Mut,Mut
S3PL10-05A-852-REL,Precursor,pt14-REL,DN_4,Mut,WT,Mut,WT,WT,WT,Mut
S3PL10-05B-852-REL,Precursor,pt14-REL,DN_4_21,Mut,WT,Mut,WT,WT,Mut,Mut
S3PL10-05C-852-REL,Precursor,pt14-REL,DN_4_21,Mut,WT,Mut,WT,WT,Mut,Mut
S3PL10-05G-852-REL,Precursor,pt14-REL,DN_4,Mut,WT,Mut,WT,WT,WT,Mut
S3PL10-05H-852-REL,Precursor,pt14-REL,DN_4,Mut,WT,Mut,WT,WT,WT,Mut
S3PL10-05I-852-REL,Precursor,pt14-REL,DN_4,Mut,WT,Mut,WT,WT,WT,Mut
S3PL10-05K-852-REL,Precursor,pt14-REL,DN_4_21,Mut,WT,Mut,WT,WT,Mut,Mut
S3PL10-05L-852-REL,Precursor,pt14-REL,DN_4,Mut,WT,Mut,WT,WT,WT,Mut
S3PL10-05M-852-REL,Precursor,pt14-REL,DN_4,Mut,WT,Mut,WT,WT,WT,Mut
S3PL10-05O-852-REL,Precursor,pt14-REL,DN_4,Mut,WT,Mut,WT,WT,WT,Mut
S3PL10-07A-852-REL,Precursor,pt14-REL,DN_4,Mut,WT,Mut,WT,WT,WT,Mut
S3PL10-07B-852-REL,Precursor,pt14-REL,DN_4_21,Mut,WT,Mut,WT,WT,Mut,Mut
S3PL10-07C-852-REL,Precursor,pt14-REL,DN_4,Mut,WT,Mut,WT,WT,WT,Mut
S3PL10-07D-852-REL,Precursor,pt14-REL,DN_4_21,Mut,WT,Mut,WT,WT,Mut,Mut
S3PL10-07E-852-REL,Precursor,pt14-REL,DN_4,Mut,WT,Mut,WT,WT,WT,Mut
S3PL10-07G-852-REL,Precursor,pt14-REL,DN_4,Mut,WT,Mut,WT,WT,WT,Mut
S3PL10-07H-852-REL,Precursor,pt14-REL,DN_4_21,Mut,WT,Mut,WT,WT,Mut,Mut
S3PL10-07I-852-REL,Precursor,pt14-REL,DN_4,Mut,WT,Mut,WT,WT,WT,Mut
S3PL10-07J-852-REL,Precursor,pt14-REL,DN_4,Mut,WT,Mut,WT,WT,WT,Mut
S3PL10-07K-852-REL,Precursor,pt14-REL,DN_4,Mut,WT,Mut,WT,WT,WT,Mut
S3PL10-07L-852-REL,Precursor,pt14-REL,DN_4_20,Mut,WT,Mut,WT,Mut,WT,Mut
S3PL10-07M-852-REL,Precursor,pt14-REL,DN_4_20,Mut,WT,Mut,WT,Mut,WT,Mut
S3PL10-07O-852-REL,Precursor,pt14-REL,DN_4_21,Mut,WT,Mut,WT,WT,Mut,Mut
S3PL10-07P-852-REL,Precursor,pt14-REL,DN_4_21,Mut,WT,Mut,WT,WT,Mut,Mut
S3PL10-09D-852-REL,Precursor,pt14-REL,DN_4_21,Mut,WT,Mut,WT,WT,Mut,Mut
S3PL10-09E-852-REL,Precursor,pt14-REL,DN_4_21,Mut,WT,Mut,WT,WT,Mut,Mut
S3PL10-09F-852-REL,Precursor,pt14-REL,DN_4_20,Mut,WT,Mut,WT,Mut,WT,Mut
S3PL10-09H-852-REL,Precursor,pt14-REL,DN_4,Mut,WT,Mut,WT,WT,WT,Mut
S3PL10-09J-852-REL,Precursor,pt14-REL,DN_4,Mut,WT,Mut,WT,WT,WT,Mut
S3PL10-09M-852-REL,Precursor,pt14-REL,DN_4,Mut,WT,Mut,Mut,WT,WT,Mut
S3PL10-09N-852-REL,Precursor,pt14-REL,DN_4,Mut,WT,Mut,WT,WT,WT,Mut
S3PL10-09O-852-REL,Precursor,pt14-REL,DN_4_21,Mut,WT,Mut,WT,WT,Mut,Mut
S3PL10-11A-852-REL,GMP,pt14-REL,DN_4,Mut,WT,Mut,WT,WT,WT,Mut
S3PL10-11E-852-REL,GMP,pt14-REL,DN,Mut,WT,Mut,WT,WT,WT,WT
S3PL10-11G-852-REL,Precursor,pt14-REL,DN_4,Mut,WT,Mut,WT,WT,WT,Mut
S3PL10-11H-852-REL,GMP,pt14-REL,DN_4_21,Mut,WT,Mut,WT,WT,Mut,Mut
S3PL10-11I-852-REL,GMP,pt14-REL,DN_4,Mut,WT,Mut,WT,WT,WT,Mut
S3PL10-13B-852-REL,LMPP,pt14-REL,DN_4,Mut,WT,Mut,WT,WT,WT,Mut
S3PL10-13F-852-REL,GMP,pt14-REL,DN_4_21,Mut,WT,Mut,WT,WT,Mut,Mut
S3PL10-13H-852-REL,Precursor,pt14-REL,DN_4,Mut,WT,Mut,WT,WT,WT,Mut
S3PL10-13I-852-REL,GMP,pt14-REL,DN_4_21,Mut,WT,Mut,WT,WT,Mut,Mut
S3PL10-13L-852-REL,CMP,pt14-REL,DN_4,Mut,WT,Mut,WT,WT,WT,Mut
S3PL10-13N-852-REL,Precursor,pt14-REL,DN_4_20,Mut,WT,Mut,WT,Mut,WT,Mut
S3PL10-13O-852-REL,GMP,pt14-REL,DN,Mut,WT,Mut,WT,WT,WT,WT
S3PL10-15A-852-REL,CMP,pt14-REL,DN_4,Mut,WT,Mut,WT,WT,WT,Mut
S3PL10-15B-852-REL,Precursor,pt14-REL,DN_4,Mut,WT,Mut,WT,WT,WT,Mut
S3PL10-15D-852-REL,LMPP,pt14-REL,DN_4_21,Mut,WT,Mut,WT,WT,Mut,Mut
S3PL10-15E-852-REL,GMP,pt14-REL,DN_4,Mut,WT,Mut,WT,WT,WT,Mut
S3PL10-15H-852-REL,CMP,pt14-REL,DN_4,Mut,WT,Mut,WT,WT,WT,Mut
S3PL10-15J-852-REL,GMP,pt14-REL,DN,Mut,WT,Mut,WT,WT,WT,WT
S3PL10-15M-852-REL,GMP,pt14-REL,DN,Mut,WT,Mut,WT,WT,WT,WT
S3PL10-15N-852-REL,LMPP,pt14-REL,DN_4_21,Mut,WT,Mut,WT,WT,Mut,Mut
S3PL10-15O-852-REL,LMPP,pt14-REL,DN_4,Mut,WT,Mut,WT,WT,WT,Mut
S3PL10-15P-852-REL,Precursor,pt14-REL,DN,Mut,WT,Mut,Mut,WT,WT,WT
S3PL10-17A-852-REL,GMP,pt14-REL,DN_4_21,Mut,WT,Mut,WT,WT,Mut,WT
S3PL10-17C-852-REL,GMP,pt14-REL,DN_4,Mut,WT,Mut,WT,WT,WT,Mut
S3PL10-17D-852-REL,GMP,pt14-REL,DN,Mut,WT,Mut,WT,WT,WT,WT
S3PL10-17G-852-REL,GMP,pt14-REL,DN_4_21,Mut,WT,Mut,WT,WT,Mut,Mut
S3PL10-17H-852-REL,GMP,pt14-REL,DN,Mut,WT,Mut,WT,WT,WT,WT
S3PL10-17I-852-REL,LMPP,pt14-REL,DN_4,Mut,WT,Mut,WT,WT,WT,Mut
S3PL10-17K-852-REL,GMP,pt14-REL,DN_4,Mut,WT,Mut,WT,WT,WT,Mut
S3PL10-17L-852-REL,CMP,pt14-REL,DN_4,Mut,WT,Mut,WT,WT,WT,Mut
S3PL10-17M-852-REL,GMP,pt14-REL,DN,Mut,WT,Mut,WT,WT,WT,WT
S3PL10-17N-852-REL,CMP,pt14-REL,DN_4,Mut,WT,Mut,WT,WT,WT,Mut
S3PL10-17O-852-REL,LMPP,pt14-REL,DN_4,Mut,WT,Mut,WT,WT,WT,Mut
S3PL10-17P-852-REL,Precursor,pt14-REL,DN_4,Mut,WT,Mut,WT,WT,WT,Mut
S3PL10-19I-852-REL,Lin-Mature,pt14-REL,DN,Mut,WT,Mut,WT,WT,WT,WT
S3PL10-21J-852-REL,Lin-Mature,pt14-REL,DN_4_20,Mut,WT,Mut,WT,Mut,WT,Mut
S3PL11-01C-852-REL,Precursor,pt14-REL,DN_4_21,Mut,WT,Mut,WT,WT,Mut,Mut
S3PL11-01D-852-REL,Precursor,pt14-REL,DN_4_20,Mut,WT,Mut,WT,Mut,WT,Mut
S3PL11-01E-852-REL,Precursor,pt14-REL,DN_4,Mut,WT,Mut,WT,WT,WT,Mut
S3PL11-01F-852-REL,Precursor,pt14-REL,DN_4_21,Mut,WT,Mut,Mut,WT,Mut,Mut
S3PL11-01G-852-REL,Precursor,pt14-REL,DN_4,Mut,WT,Mut,WT,WT,WT,Mut
S3PL11-01H-852-REL,Precursor,pt14-REL,DN_4_20_or_21,Mut,WT,Mut,WT,Mut,Mut,Mut
S3PL11-01I-852-REL,Precursor,pt14-REL,DN_4,Mut,WT,Mut,WT,WT,WT,Mut
S3PL11-01J-852-REL,Precursor,pt14-REL,DN_4_21,Mut,WT,Mut,WT,WT,Mut,Mut
S3PL11-01K-852-REL,Precursor,pt14-REL,DN_4,Mut,WT,Mut,WT,WT,WT,Mut
S3PL11-01L-852-REL,Precursor,pt14-REL,DN_4,Mut,WT,Mut,Mut,WT,WT,Mut
S3PL11-01N-852-REL,Precursor,pt14-REL,DN_4,Mut,WT,Mut,WT,WT,WT,Mut
S3PL11-01P-852-REL,Precursor,pt14-REL,DN_4_20,Mut,WT,Mut,WT,Mut,WT,Mut
S3PL11-03A-852-REL,Precursor,pt14-REL,DN_4,Mut,WT,Mut,WT,WT,WT,Mut
S3PL11-03E-852-REL,Precursor,pt14-REL,DN_4,Mut,WT,Mut,WT,WT,WT,Mut
S3PL11-03G-852-REL,Precursor,pt14-REL,DN_4_21,Mut,WT,Mut,WT,WT,Mut,Mut
S3PL11-03I-852-REL,Precursor,pt14-REL,DN_4,Mut,WT,Mut,WT,WT,WT,Mut
S3PL11-03K-852-REL,Precursor,pt14-REL,DN_4,Mut,WT,Mut,WT,WT,WT,Mut
S3PL11-03L-852-REL,Precursor,pt14-REL,DN_4,Mut,WT,Mut,WT,WT,WT,Mut
S3PL11-03P-852-REL,Precursor,pt14-REL,DN_4,Mut,WT,Mut,WT,WT,WT,Mut
S3PL11-05A-852-REL,Precursor,pt14-REL,DN_4,Mut,WT,Mut,WT,WT,WT,Mut
S3PL11-05C-852-REL,Precursor,pt14-REL,DN_4,Mut,WT,Mut,WT,WT,WT,Mut
S3PL11-05D-852-REL,Precursor,pt14-REL,DN_4,Mut,WT,Mut,Mut,WT,WT,Mut
S3PL11-05E-852-REL,Precursor,pt14-REL,DN_4,Mut,WT,Mut,WT,WT,WT,Mut
S3PL11-05F-852-REL,Precursor,pt14-REL,DN_4,Mut,WT,Mut,WT,WT,WT,Mut
S3PL11-05G-852-REL,Precursor,pt14-REL,DN_4_21,Mut,WT,Mut,WT,WT,Mut,Mut
S3PL11-05J-852-REL,Precursor,pt14-REL,DN_4_21,Mut,WT,Mut,WT,WT,Mut,Mut
S3PL11-05K-852-REL,Precursor,pt14-REL,DN_4,Mut,WT,Mut,WT,WT,WT,Mut
S3PL11-05L-852-REL,Precursor,pt14-REL,DN_4,Mut,WT,Mut,WT,WT,WT,Mut
S3PL11-05M-852-REL,Precursor,pt14-REL,DN_4,Mut,WT,Mut,WT,WT,WT,Mut
S3PL11-05N-852-REL,Precursor,pt14-REL,DN_4,Mut,WT,Mut,WT,WT,WT,Mut
S3PL11-05P-852-REL,Precursor,pt14-REL,DN_4_20,Mut,WT,Mut,WT,Mut,WT,Mut
S3PL11-07A-852-REL,Precursor,pt14-REL,DN_4,Mut,WT,Mut,WT,WT,WT,Mut
S3PL11-07B-852-REL,Precursor,pt14-REL,DN_4_21,Mut,WT,Mut,Mut,WT,Mut,Mut
S3PL11-07D-852-REL,Precursor,pt14-REL,DN_4,Mut,WT,Mut,WT,WT,WT,Mut
S3PL11-07F-852-REL,Precursor,pt14-REL,DN_4,Mut,WT,Mut,Mut,WT,WT,Mut
S3PL11-07H-852-REL,Precursor,pt14-REL,DN_4,Mut,WT,Mut,WT,WT,WT,Mut
S3PL11-07J-852-REL,Precursor,pt14-REL,DN_4,Mut,WT,Mut,WT,WT,WT,Mut
S3PL11-07M-852-REL,Precursor,pt14-REL,DN_4,Mut,WT,Mut,WT,WT,WT,Mut
S3PL11-07N-852-REL,Precursor,pt14-REL,DN_4_21,Mut,WT,Mut,WT,WT,Mut,Mut
S3PL11-07O-852-REL,Precursor,pt14-REL,DN_4,Mut,WT,Mut,WT,WT,WT,Mut
S3PL11-07P-852-REL,Precursor,pt14-REL,DN_4,Mut,WT,Mut,WT,WT,WT,Mut
S3PL11-09A-852-REL,Precursor,pt14-REL,DN_4,Mut,WT,Mut,WT,WT,WT,Mut
S3PL11-09B-852-REL,Precursor,pt14-REL,DN_4,Mut,WT,Mut,Mut,WT,WT,Mut
S3PL11-09C-852-REL,Precursor,pt14-REL,DN_4,Mut,WT,Mut,WT,WT,WT,Mut
S3PL11-09D-852-REL,Precursor,pt14-REL,DN_4,Mut,WT,Mut,WT,WT,WT,Mut
S3PL11-09E-852-REL,Precursor,pt14-REL,DN_4_21,Mut,WT,Mut,Mut,WT,Mut,Mut
S3PL11-09F-852-REL,Precursor,pt14-REL,DN_4,Mut,WT,Mut,WT,WT,WT,Mut
S3PL11-09I-852-REL,Precursor,pt14-REL,DN_4,Mut,WT,Mut,WT,WT,WT,Mut
S3PL11-09J-852-REL,Precursor,pt14-REL,DN_4,Mut,WT,Mut,WT,WT,WT,Mut
S3PL11-09L-852-REL,Precursor,pt14-REL,DN_4_21,Mut,WT,Mut,WT,WT,Mut,WT
S3PL11-09N-852-REL,Precursor,pt14-REL,DN_4,Mut,WT,Mut,Mut,WT,WT,Mut
S3PL11-09O-852-REL,Precursor,pt14-REL,DN_4_20,Mut,WT,Mut,WT,Mut,WT,Mut
S3PL11-09P-852-REL,Precursor,pt14-REL,DN_4,Mut,WT,Mut,WT,WT,WT,Mut
S3PL11-11A-852-REL,GMP,pt14-REL,DN_4,Mut,WT,Mut,WT,WT,WT,Mut
S3PL11-11E-852-REL,GMP,pt14-REL,DN_4,Mut,WT,Mut,WT,WT,WT,Mut
S3PL11-11F-852-REL,LMPP,pt14-REL,DN_4,Mut,WT,Mut,WT,WT,WT,Mut
S3PL11-11H-852-REL,Precursor,pt14-REL,DN_4,Mut,WT,Mut,WT,WT,WT,Mut
S3PL11-11I-852-REL,GMP,pt14-REL,DN_4_21,Mut,WT,Mut,WT,WT,Mut,Mut
S3PL11-11L-852-REL,CMP,pt14-REL,DN_4,Mut,WT,Mut,WT,WT,WT,Mut
S3PL11-11M-852-REL,GMP,pt14-REL,DN_4,Mut,WT,Mut,WT,WT,WT,Mut
S3PL11-13A-852-REL,Precursor,pt14-REL,DN_4,Mut,WT,Mut,WT,WT,WT,Mut
S3PL11-13C-852-REL,GMP,pt14-REL,DN_4_21,Mut,WT,Mut,WT,WT,Mut,Mut
S3PL11-13I-852-REL,GMP,pt14-REL,DN_4_21,Mut,WT,Mut,WT,WT,Mut,Mut
S3PL11-13K-852-REL,LMPP,pt14-REL,DN_4_21,Mut,WT,Mut,WT,WT,Mut,Mut
S3PL11-13N-852-REL,Precursor,pt14-REL,DN_4_21,Mut,WT,Mut,WT,WT,Mut,Mut
S3PL11-15B-852-REL,Precursor,pt14-REL,DN,Mut,WT,Mut,WT,WT,WT,WT
S3PL11-15C-852-REL,GMP,pt14-REL,DN,Mut,WT,Mut,WT,WT,WT,WT
S3PL11-15E-852-REL,Precursor,pt14-REL,DN_4_21,Mut,WT,Mut,WT,WT,Mut,Mut
S3PL11-15G-852-REL,GMP,pt14-REL,DN,Mut,WT,Mut,Mut,WT,WT,WT
S3PL11-15I-852-REL,Precursor,pt14-REL,DN_4,Mut,WT,Mut,WT,WT,WT,Mut
S3PL11-15L-852-REL,GMP,pt14-REL,DN,Mut,WT,Mut,WT,WT,WT,WT
S3PL11-15P-852-REL,Precursor,pt14-REL,DN_4,Mut,WT,Mut,WT,WT,WT,Mut
S3PL11-17B-852-REL,GMP,pt14-REL,DN_4,Mut,WT,Mut,WT,WT,WT,Mut
S3PL11-17D-852-REL,Precursor,pt14-REL,DN_4_21,Mut,WT,Mut,WT,WT,Mut,Mut
S3PL11-17F-852-REL,GMP,pt14-REL,DN_4,Mut,WT,Mut,WT,WT,WT,Mut
S3PL11-17H-852-REL,Precursor,pt14-REL,DN_4,Mut,WT,Mut,WT,WT,WT,Mut
S3PL11-17I-852-REL,Precursor,pt14-REL,DN_4_21,Mut,WT,Mut,WT,WT,Mut,Mut
S3PL11-17J-852-REL,GMP,pt14-REL,DN,Mut,WT,Mut,WT,WT,WT,WT
S3PL11-17K-852-REL,GMP,pt14-REL,DN_4,Mut,WT,Mut,WT,WT,WT,Mut
S3PL11-17M-852-REL,CMP,pt14-REL,DN_4_20_or_21,Mut,WT,Mut,WT,Mut,Mut,Mut
S3PL11-17P-852-REL,GMP,pt14-REL,DN_4,Mut,WT,Mut,WT,WT,WT,Mut
S3PL11-19J-852-REL,Lin-Mature,pt14-REL,DN_4_20,Mut,WT,Mut,WT,Mut,WT,WT
S3PL11-21F-852-REL,Lin-Mature,pt14-REL,DN_4,Mut,WT,Mut,WT,WT,WT,Mut
S3PL12-01C-852-REL,Precursor,pt14-REL,DN_4,Mut,WT,Mut,WT,WT,WT,Mut
S3PL12-01E-852-REL,Precursor,pt14-REL,DN_4,Mut,WT,Mut,WT,WT,WT,Mut
S3PL12-01I-852-REL,Precursor,pt14-REL,DN_4,Mut,WT,Mut,WT,WT,WT,Mut
S3PL12-01N-852-REL,Precursor,pt14-REL,DN_4,Mut,WT,Mut,WT,WT,WT,Mut
S3PL12-01O-852-REL,Precursor,pt14-REL,DN_4,Mut,WT,Mut,WT,WT,WT,Mut
S3PL12-03C-852-REL,Precursor,pt14-REL,DN,Mut,WT,Mut,WT,WT,WT,WT
S3PL12-03D-852-REL,Precursor,pt14-REL,DN_4,Mut,WT,Mut,Mut,WT,WT,Mut
S3PL12-03E-852-REL,Precursor,pt14-REL,DN_4,Mut,WT,Mut,WT,WT,WT,Mut
S3PL12-03F-852-REL,Precursor,pt14-REL,DN_4,Mut,WT,Mut,Mut,WT,WT,Mut
S3PL12-03G-852-REL,Precursor,pt14-REL,DN_4,Mut,WT,Mut,WT,WT,WT,Mut
S3PL12-03J-852-REL,Precursor,pt14-REL,DN_4_21,Mut,WT,Mut,WT,WT,Mut,Mut
S3PL12-05A-852-REL,Precursor,pt14-REL,DN_4,Mut,WT,Mut,WT,WT,WT,Mut
S3PL12-05B-852-REL,Precursor,pt14-REL,DN_4_21,Mut,WT,Mut,WT,WT,Mut,Mut
S3PL12-05E-852-REL,Precursor,pt14-REL,DN_4,Mut,WT,Mut,WT,WT,WT,Mut
S3PL12-05H-852-REL,Precursor,pt14-REL,DN_4_20_or_21,Mut,WT,Mut,WT,Mut,Mut,Mut
S3PL12-05J-852-REL,Precursor,pt14-REL,DN_4,Mut,WT,Mut,WT,WT,WT,Mut
S3PL12-05L-852-REL,Precursor,pt14-REL,DN_4,Mut,WT,Mut,WT,WT,WT,Mut
S3PL12-07B-852-REL,Precursor,pt14-REL,DN_4_20,Mut,WT,Mut,WT,Mut,WT,Mut
S3PL12-07E-852-REL,Precursor,pt14-REL,DN_4,Mut,WT,Mut,WT,WT,WT,Mut
S3PL12-07G-852-REL,Precursor,pt14-REL,DN_4_21,Mut,WT,Mut,WT,WT,Mut,Mut
S3PL12-07I-852-REL,Precursor,pt14-REL,DN_4,Mut,WT,Mut,Mut,WT,WT,Mut
S3PL12-07N-852-REL,Precursor,pt14-REL,DN_4_21,Mut,WT,Mut,WT,WT,Mut,Mut
S3PL12-09B-852-REL,Precursor,pt14-REL,DN_4,Mut,WT,Mut,WT,WT,WT,Mut
S3PL12-09G-852-REL,Precursor,pt14-REL,DN_4_21,Mut,WT,Mut,WT,WT,Mut,Mut
S3PL12-09J-852-REL,Precursor,pt14-REL,DN_4,Mut,WT,Mut,WT,WT,WT,Mut
S3PL12-09O-852-REL,Precursor,pt14-REL,DN_4,Mut,WT,Mut,WT,WT,WT,Mut
S3PL12-09P-852-REL,Precursor,pt14-REL,DN_4,Mut,WT,Mut,WT,WT,WT,Mut
S3PL12-11B-852-REL,Precursor,pt14-REL,DN_4,Mut,WT,Mut,WT,WT,WT,Mut
S3PL12-11G-852-REL,Precursor,pt14-REL,DN_4,Mut,WT,Mut,WT,WT,WT,Mut
S3PL12-11J-852-REL,Precursor,pt14-REL,DN_4_20_or_21,Mut,WT,Mut,WT,Mut,Mut,Mut
S3PL12-11P-852-REL,Precursor,pt14-REL,DN_4,Mut,WT,Mut,WT,WT,WT,Mut
S3PL12-13F-852-REL,GMP,pt14-REL,DN_4_21,Mut,WT,Mut,WT,WT,Mut,Mut
S3PL12-13G-852-REL,Precursor,pt14-REL,DN_4,Mut,WT,Mut,WT,WT,WT,Mut
S3PL12-13H-852-REL,GMP,pt14-REL,DN_4_21,Mut,WT,Mut,WT,WT,Mut,Mut
S3PL12-13I-852-REL,LMPP,pt14-REL,DN_4_21,Mut,WT,Mut,WT,WT,Mut,Mut
S3PL12-13J-852-REL,GMP,pt14-REL,DN_4_21,Mut,WT,Mut,WT,WT,Mut,Mut
S3PL12-13L-852-REL,GMP,pt14-REL,DN_4,Mut,WT,Mut,WT,WT,WT,Mut
S3PL12-13N-852-REL,GMP,pt14-REL,DN_4_21,Mut,WT,Mut,WT,WT,Mut,Mut
S3PL12-13O-852-REL,GMP,pt14-REL,DN,Mut,WT,Mut,WT,WT,WT,WT
S3PL12-13P-852-REL,GMP,pt14-REL,DN,Mut,WT,Mut,WT,WT,WT,WT
S3PL12-15B-852-REL,LMPP,pt14-REL,DN_4,Mut,WT,Mut,WT,WT,WT,Mut
S3PL12-15C-852-REL,Precursor,pt14-REL,DN_4,Mut,WT,Mut,WT,WT,WT,Mut
S3PL12-15E-852-REL,GMP,pt14-REL,DN_4_21,Mut,WT,Mut,WT,WT,Mut,Mut
S3PL12-15F-852-REL,GMP,pt14-REL,DN_4_21,Mut,WT,Mut,WT,WT,Mut,Mut
S3PL12-15G-852-REL,GMP,pt14-REL,DN_4_21,Mut,WT,Mut,WT,WT,Mut,Mut
S3PL12-15I-852-REL,LMPP,pt14-REL,DN_4_21,Mut,WT,Mut,WT,WT,Mut,Mut
S3PL12-15K-852-REL,Precursor,pt14-REL,DN_4,Mut,WT,Mut,WT,WT,WT,Mut
S3PL12-15L-852-REL,GMP,pt14-REL,DN_4_21,Mut,WT,Mut,WT,WT,Mut,Mut
S3PL12-15M-852-REL,GMP,pt14-REL,DN_4,Mut,WT,Mut,WT,WT,WT,Mut
S3PL12-15O-852-REL,LMPP,pt14-REL,DN_4,Mut,WT,Mut,WT,WT,WT,Mut
S3PL12-15P-852-REL,LMPP,pt14-REL,DN_4,Mut,WT,Mut,WT,WT,WT,Mut
S3PL12-17A-852-REL,GMP,pt14-REL,DN,Mut,WT,Mut,WT,WT,WT,WT
S3PL12-17D-852-REL,LMPP,pt14-REL,DN_4_21,Mut,WT,Mut,WT,WT,Mut,Mut
S3PL12-17G-852-REL,Precursor,pt14-REL,DN_4_21,Mut,WT,Mut,WT,WT,Mut,Mut
S3PL12-17H-852-REL,MPP,pt14-REL,DN_4_21,Mut,WT,Mut,WT,WT,Mut,Mut
S3PL12-17I-852-REL,GMP,pt14-REL,DN,Mut,WT,Mut,WT,WT,WT,WT
S3PL12-17M-852-REL,GMP,pt14-REL,DN_4_21,Mut,WT,Mut,WT,WT,Mut,Mut
S3PL12-17P-852-REL,GMP,pt14-REL,DN,Mut,WT,Mut,WT,WT,WT,WT
S3PL12-19J-852-REL,Lin-Mature,pt14-REL,DN_4,Mut,WT,Mut,WT,WT,WT,Mut
S4PL13-01E-852-BL,GMP,pt14-BL,DN,Mut,WT,Mut,Mut,WT,WT,WT
S4PL13-01K-852-BL,CMP,pt14-BL,DN,Mut,WT,Mut,WT,WT,WT,WT
S4PL13-03D-852-BL,CMP,pt14-BL,DN,Mut,WT,Mut,WT,WT,WT,WT
S4PL13-03N-852-BL,GMP,pt14-BL,DN,Mut,WT,Mut,Mut,WT,WT,WT
S4PL13-05G-852-BL,CMP,pt14-BL,DN,Mut,WT,Mut,Mut,WT,WT,WT
S4PL13-05K-852-BL,GMP,pt14-BL,DN,Mut,WT,Mut,WT,WT,WT,WT
S4PL13-07K-852-BL,CMP,pt14-BL,DN,Mut,WT,Mut,WT,WT,WT,WT
S4PL13-13G-852-BL,Lin-Mature,pt14-BL,DN,Mut,WT,Mut,Mut,WT,WT,WT
S4PL13-15A-852-BL,Precursor,pt14-BL,DN,Mut,WT,Mut,WT,WT,WT,WT
S4PL13-15J-852-BL,Precursor,pt14-BL,DN,Mut,WT,Mut,WT,WT,WT,WT
S4PL13-15M-852-BL,Precursor,pt14-BL,DN,Mut,WT,Mut,WT,WT,WT,WT
S4PL13-17B-852-BL,Lin-Mature,pt14-BL,DN,Mut,WT,Mut,Mut,WT,WT,WT
S4PL13-17C-852-BL,Lin-Mature,pt14-BL,DN,Mut,WT,Mut,WT,WT,WT,WT
S4PL13-17M-852-BL,Precursor,pt14-BL,DN,Mut,WT,Mut,Mut,WT,WT,WT
S4PL13-19B-852-BL,LMPP,pt14-BL,DN,Mut,WT,Mut,WT,WT,WT,WT
S4PL13-19F-852-BL,Lin-Mature,pt14-BL,DN,Mut,WT,Mut,WT,WT,WT,WT
S3PL09-07L-852-REL,Precursor,pt14-REL,DN_4,Mut,WT,Mut,WT,WT,WT,Mut
S3PL10-11F-852-REL,GMP,pt14-REL,DN_4_21,Mut,WT,Mut,WT,WT,Mut,Mut
S3PL12-15A-852-REL,CMP,pt14-REL,DN_4_21,Mut,WT,Mut,WT,WT,Mut,Mut
S3PL12-17F-852-REL,Precursor,pt14-REL,DN_4_20,Mut,WT,Mut,WT,Mut,WT,Mut
S3PL02-13D-852-BL,CMP,pt14-BL,DN,WT,WT,Mut,WT,WT,WT,WT
S3PL04-11I-852-EOC3,Precursor,pt14-EOC3,DN_4,WT,WT,Mut,WT,WT,WT,Mut
S3PL06-17L-852-EOC3,Precursor,pt14-EOC3,DN_4,WT,WT,Mut,WT,WT,WT,Mut
S3PL08-05H-852-REL,Precursor,pt14-REL,DN_4_21,WT,WT,Mut,WT,WT,Mut,Mut
S3PL08-09A-852-REL,Precursor,pt14-REL,DN_4,WT,WT,Mut,WT,WT,WT,Mut
S3PL09-03A-852-REL,Precursor,pt14-REL,DN_4,WT,WT,Mut,WT,WT,WT,Mut
S3PL09-03E-852-REL,Precursor,pt14-REL,DN_4,WT,WT,Mut,WT,WT,WT,Mut
S3PL09-03M-852-REL,Precursor,pt14-REL,DN_4,WT,WT,Mut,WT,WT,WT,Mut
S3PL09-11B-852-REL,MPP,pt14-REL,DN_4,WT,WT,Mut,Mut,WT,WT,Mut
S3PL09-13A-852-REL,GMP,pt14-REL,DN_4,WT,WT,Mut,WT,WT,WT,Mut
S3PL09-13L-852-REL,GMP,pt14-REL,DN_4_21,WT,WT,Mut,WT,WT,Mut,Mut
S3PL09-13N-852-REL,GMP,pt14-REL,DN,WT,WT,Mut,WT,WT,WT,WT
S3PL10-01J-852-REL,Precursor,pt14-REL,DN_4,WT,WT,Mut,WT,WT,WT,Mut
S3PL10-03I-852-REL,Precursor,pt14-REL,DN_4,WT,WT,Mut,WT,WT,WT,Mut
S3PL10-05J-852-REL,Precursor,pt14-REL,DN_4,WT,WT,Mut,WT,WT,WT,Mut
S3PL10-05P-852-REL,Precursor,pt14-REL,DN_4,WT,WT,Mut,WT,WT,WT,Mut
S3PL10-07N-852-REL,Precursor,pt14-REL,DN_4_21,WT,WT,Mut,WT,WT,Mut,Mut
S3PL10-09B-852-REL,Precursor,pt14-REL,DN_4,WT,WT,Mut,WT,WT,WT,Mut
S3PL10-09G-852-REL,Precursor,pt14-REL,DN_4,WT,WT,Mut,WT,WT,WT,Mut
S3PL10-11P-852-REL,LMPP,pt14-REL,DN,WT,WT,Mut,WT,WT,WT,WT
S3PL10-13D-852-REL,CMP,pt14-REL,DN_4,WT,WT,Mut,WT,WT,WT,Mut
S3PL10-21B-852-REL,Lin-Mature,pt14-REL,DN_4_20,WT,WT,Mut,WT,Mut,WT,WT
S3PL11-07E-852-REL,Precursor,pt14-REL,DN_4_21,WT,WT,Mut,WT,WT,Mut,WT
S3PL11-09K-852-REL,Precursor,pt14-REL,DN_4,WT,WT,Mut,WT,WT,WT,Mut
S3PL11-09M-852-REL,Precursor,pt14-REL,DN_4,WT,WT,Mut,WT,WT,WT,Mut
S3PL11-13B-852-REL,GMP,pt14-REL,DN_4,WT,WT,Mut,WT,WT,WT,Mut
S3PL11-13F-852-REL,GMP,pt14-REL,DN,WT,WT,Mut,WT,WT,WT,WT
S3PL11-13P-852-REL,GMP,pt14-REL,DN,WT,WT,Mut,WT,WT,WT,WT
S3PL11-15F-852-REL,GMP,pt14-REL,DN_4_21,WT,WT,Mut,WT,WT,Mut,Mut
S3PL11-17L-852-REL,GMP,pt14-REL,DN,WT,WT,Mut,WT,WT,WT,WT
S3PL12-03A-852-REL,Precursor,pt14-REL,DN_4,WT,WT,Mut,WT,WT,WT,Mut
S3PL12-05I-852-REL,Precursor,pt14-REL,DN_4,WT,WT,Mut,WT,WT,WT,Mut
S3PL12-11L-852-REL,Precursor,pt14-REL,DN,WT,WT,Mut,WT,WT,WT,WT
S3PL12-17J-852-REL,GMP,pt14-REL,DN,WT,WT,Mut,WT,WT,WT,WT
S4PL13-15O-852-BL,Precursor,pt14-BL,DN,WT,WT,Mut,WT,WT,WT,WT
S3PL04-17O-852-EOC3,Precursor,pt14-EOC3,DN_4,Undetermined,WT,Mut,WT,WT,WT,Mut
S3PL04-17P-852-EOC3,Precursor,pt14-EOC3,DN_4,Undetermined,WT,Mut,WT,WT,WT,Mut
S3PL08-05P-852-REL,Precursor,pt14-REL,DN_4,Undetermined,WT,Mut,WT,WT,WT,Mut
S3PL08-09I-852-REL,Precursor,pt14-REL,DN_4,Undetermined,WT,Mut,Mut,WT,WT,Mut
S3PL09-09N-852-REL,Precursor,pt14-REL,DN_4,Undetermined,WT,Mut,WT,WT,WT,Mut
S3PL09-13I-852-REL,CMP,pt14-REL,DN_4,Undetermined,WT,Mut,WT,WT,WT,Mut
S3PL10-01F-852-REL,Precursor,pt14-REL,DN_4,Undetermined,WT,Mut,WT,WT,WT,Mut
S3PL10-03E-852-REL,Precursor,pt14-REL,DN_4_20_or_21,Undetermined,WT,Mut,WT,Mut,Mut,Mut
S3PL10-05E-852-REL,Precursor,pt14-REL,DN_4,Undetermined,WT,Mut,WT,WT,WT,Mut
S3PL10-11C-852-REL,LMPP,pt14-REL,DN,Undetermined,WT,Mut,Mut,WT,WT,WT
S3PL11-03D-852-REL,Precursor,pt14-REL,DN_4,Undetermined,WT,Mut,WT,WT,WT,Mut
S3PL11-11J-852-REL,CMP,pt14-REL,DN_4,Undetermined,WT,Mut,Mut,WT,WT,Mut
S3PL12-01M-852-REL,Precursor,pt14-REL,DN_4_21,Undetermined,WT,Mut,WT,WT,Mut,Mut
S3PL12-05G-852-REL,Precursor,pt14-REL,DN_4,Undetermined,WT,Mut,WT,WT,WT,Mut
S3PL12-07O-852-REL,Precursor,pt14-REL,DN_4,Undetermined,WT,Mut,WT,WT,WT,Mut
S3PL12-07P-852-REL,Precursor,pt14-REL,DN_4_21,Undetermined,WT,Mut,WT,WT,Mut,Mut
S3PL12-09D-852-REL,Precursor,pt14-REL,DN_4,Undetermined,WT,Mut,WT,WT,WT,Mut
S3PL12-17N-852-REL,GMP,pt14-REL,DN_4_21,Undetermined,WT,Mut,WT,WT,Mut,Mut
S4PL13-19M-852-BL,Lin-Mature,pt14-BL,DN,Undetermined,WT,Mut,Mut,WT,WT,WT
S3PL01-11C-852-BL,Lin-Mature,pt14-BL,DN_4,Undetected,WT,Mut,WT,WT,WT,Mut
S3PL05-01N-852-EOC3,Precursor,pt14-EOC3,DN_4,Undetected,WT,Mut,WT,WT,WT,Mut
S3PL09-05L-852-REL,Precursor,pt14-REL,DN_4,Undetected,WT,Mut,WT,WT,WT,Mut
S3PL09-17H-852-REL,CMP,pt14-REL,DN_4,Undetected,WT,Mut,WT,WT,WT,Mut
S3PL10-01I-852-REL,Precursor,pt14-REL,DN_4,Undetected,WT,Mut,WT,WT,WT,Mut
S3PL10-03L-852-REL,Precursor,pt14-REL,DN_4_20,Undetected,WT,Mut,WT,Mut,WT,Mut
S3PL10-05N-852-REL,Precursor,pt14-REL,DN_4_21,Undetected,WT,Mut,Mut,WT,Mut,Mut
S3PL10-21A-852-REL,Lin-Mature,pt14-REL,DN_4_20,Undetected,WT,Mut,WT,Mut,WT,Mut
S3PL11-03F-852-REL,Precursor,pt14-REL,DN_4_21,Undetected,WT,Mut,WT,WT,Mut,Mut
S3PL11-07I-852-REL,Precursor,pt14-REL,DN_4_21,Undetected,WT,Mut,WT,WT,Mut,Mut
S3PL11-13G-852-REL,GMP,pt14-REL,DN_4_21,Undetected,WT,Mut,WT,WT,Mut,Mut
S3PL12-01B-852-REL,Precursor,pt14-REL,DN_4,Undetected,WT,Mut,WT,WT,WT,Mut
S3PL12-01L-852-REL,Precursor,pt14-REL,DN_4_21,Undetected,WT,Mut,WT,WT,Mut,Mut
S3PL12-11F-852-REL,Precursor,pt14-REL,DN_4,Undetected,WT,Mut,WT,WT,WT,Mut
S3PL12-13K-852-REL,GMP,pt14-REL,DN,Undetected,WT,Mut,WT,WT,WT,WT
S3PL12-17O-852-REL,Precursor,pt14-REL,DN_4,Undetected,WT,Mut,WT,WT,WT,Mut
S3PL01-11O-852-BL,CMP,pt14-BL,D,Mut,WT,WT,Mut,WT,WT,WT
S3PL01-21B-852-BL,CMP,pt14-BL,D,Mut,WT,WT,Mut,WT,WT,WT
S3PL02-01J-852-BL,Precursor,pt14-BL,D,Mut,WT,WT,WT,WT,WT,WT
S3PL02-11H-852-BL,Lin-Mature,pt14-BL,D,Mut,WT,WT,Mut,WT,WT,WT
S3PL02-19A-852-BL,MPP,pt14-BL,D,Mut,WT,WT,WT,WT,WT,WT
S3PL03-13J-852-BL,Lin-Mature,pt14-BL,D,Mut,WT,WT,WT,WT,WT,WT
S3PL03-15J-852-BL,MPP,pt14-BL,D,Mut,WT,WT,Mut,WT,WT,WT
S3PL03-19F-852-BL,Precursor,pt14-BL,D,Mut,WT,WT,WT,WT,WT,WT
S3PL04-03B-852-EOC3,Lin-Mature,pt14-EOC3,D,Mut,WT,WT,Mut,WT,WT,WT
S3PL04-03D-852-EOC3,CMP,pt14-EOC3,D,Mut,WT,WT,WT,WT,WT,WT
S3PL04-03I-852-EOC3,CMP,pt14-EOC3,DN_4_21,Mut,WT,WT,WT,WT,Mut,WT
S3PL04-05D-852-EOC3,GMP,pt14-EOC3,D,Mut,WT,WT,WT,WT,WT,WT
S3PL04-05N-852-EOC3,Lin-Mature,pt14-EOC3,D,Mut,WT,WT,WT,WT,WT,WT
S3PL04-09P-852-EOC3,Lin-Mature,pt14-EOC3,D,Mut,WT,WT,WT,WT,WT,WT
S3PL04-13C-852-EOC3,CMP,pt14-EOC3,D,Mut,WT,WT,WT,WT,WT,WT
S3PL04-13D-852-EOC3,MEP,pt14-EOC3,D,Mut,WT,WT,WT,WT,WT,WT
S3PL04-13H-852-EOC3,GMP,pt14-EOC3,D,Mut,WT,WT,WT,WT,WT,WT
S3PL04-13M-852-EOC3,GMP,pt14-EOC3,D,Mut,WT,WT,WT,WT,WT,WT
S3PL04-15I-852-EOC3,CMP,pt14-EOC3,D,Mut,WT,WT,WT,WT,WT,WT
S3PL04-15L-852-EOC3,CMP,pt14-EOC3,D,Mut,WT,WT,WT,WT,WT,WT
S3PL04-17B-852-EOC3,CMP,pt14-EOC3,D,Mut,WT,WT,WT,WT,WT,WT
S3PL04-17D-852-EOC3,CMP,pt14-EOC3,D,Mut,WT,WT,WT,WT,WT,WT
S3PL04-17N-852-EOC3,Precursor,pt14-EOC3,D,Mut,WT,WT,Undetected,Undetected,Undetected,Undetected
S3PL04-19B-852-EOC3,CMP,pt14-EOC3,D,Mut,WT,WT,WT,WT,WT,WT
S3PL04-19C-852-EOC3,CMP,pt14-EOC3,D,Mut,WT,WT,WT,WT,WT,WT
S3PL04-19D-852-EOC3,B-NK,pt14-EOC3,D,Mut,WT,WT,WT,WT,WT,WT
S3PL04-19L-852-EOC3,CMP,pt14-EOC3,D,Mut,WT,WT,WT,WT,WT,WT
S3PL04-21O-852-EOC3,Precursor,pt14-EOC3,DN_4,Mut,WT,WT,WT,WT,WT,Mut
S3PL05-03O-852-EOC3,MPP,pt14-EOC3,D,Mut,WT,WT,WT,WT,WT,WT
S3PL05-05J-852-EOC3,Lin-Mature,pt14-EOC3,D,Mut,WT,WT,WT,WT,WT,WT
S3PL05-11J-852-EOC3,CMP,pt14-EOC3,D,Mut,WT,WT,WT,WT,WT,WT
S3PL05-11K-852-EOC3,HSC,pt14-EOC3,D,Mut,WT,WT,WT,WT,WT,WT
S3PL05-13F-852-EOC3,CMP,pt14-EOC3,D,Mut,WT,WT,WT,WT,WT,WT
S3PL05-13N-852-EOC3,CMP,pt14-EOC3,D,Mut,WT,WT,WT,WT,WT,WT
S3PL05-15G-852-EOC3,CMP,pt14-EOC3,D,Mut,WT,WT,WT,WT,WT,WT
S3PL05-15M-852-EOC3,MEP,pt14-EOC3,D,Mut,WT,WT,WT,WT,WT,WT
S3PL05-17A-852-EOC3,LMPP,pt14-EOC3,D,Mut,WT,WT,WT,WT,WT,WT
S3PL05-17D-852-EOC3,CMP,pt14-EOC3,D,Mut,WT,WT,WT,WT,WT,WT
S3PL05-17E-852-EOC3,CMP,pt14-EOC3,D,Mut,WT,WT,WT,WT,WT,WT
S3PL05-17M-852-EOC3,Lin-Mature,pt14-EOC3,DN_4_21,Mut,WT,WT,WT,WT,Mut,WT
S3PL05-19A-852-EOC3,CMP,pt14-EOC3,D,Mut,WT,WT,WT,WT,WT,WT
S3PL05-19B-852-EOC3,B-NK,pt14-EOC3,D,Mut,WT,WT,WT,WT,WT,WT
S3PL05-19C-852-EOC3,CMP,pt14-EOC3,D,Mut,WT,WT,WT,WT,WT,WT
S3PL05-19O-852-EOC3,CMP,pt14-EOC3,D,Mut,WT,WT,WT,WT,WT,WT
S3PL05-21B-852-EOC3,CMP,pt14-EOC3,D,Mut,WT,WT,WT,WT,WT,WT
S3PL05-21H-852-EOC3,GMP,pt14-EOC3,D,Mut,WT,WT,WT,WT,WT,WT
S3PL05-21O-852-EOC3,MPP,pt14-EOC3,D,Mut,WT,WT,WT,WT,WT,WT
S3PL06-01F-852-EOC3,GMP,pt14-EOC3,D,Mut,WT,WT,WT,WT,WT,WT
S3PL06-01M-852-EOC3,Lin-Mature,pt14-EOC3,D,Mut,WT,WT,WT,WT,WT,WT
S3PL06-09M-852-EOC3,Lin-Mature,pt14-EOC3,DN_4_21,Mut,WT,WT,WT,WT,Mut,WT
S3PL06-11K-852-EOC3,CMP,pt14-EOC3,D,Mut,WT,WT,WT,WT,WT,WT
S3PL06-13A-852-EOC3,MEP,pt14-EOC3,D,Mut,WT,WT,WT,WT,WT,WT
S3PL06-13E-852-EOC3,CMP,pt14-EOC3,D,Mut,WT,WT,WT,WT,WT,WT
S3PL06-17D-852-EOC3,CMP,pt14-EOC3,D,Mut,WT,WT,WT,WT,WT,WT
S3PL06-19A-852-EOC3,CMP,pt14-EOC3,D,Mut,WT,WT,WT,WT,WT,WT
S3PL06-19K-852-EOC3,CMP,pt14-EOC3,D,Mut,WT,WT,WT,WT,WT,WT
S3PL06-19N-852-EOC3,GMP,pt14-EOC3,D,Mut,WT,WT,Mut,WT,WT,WT
S3PL06-21A-852-EOC3,CMP,pt14-EOC3,D,Mut,WT,WT,WT,WT,WT,WT
S3PL07-05A-852-EOC3,CMP,pt14-EOC3,D,Mut,WT,WT,WT,WT,WT,WT
S3PL07-09G-852-EOC3,CMP,pt14-EOC3,D,Mut,WT,WT,WT,WT,WT,WT
S3PL07-09M-852-EOC3,CMP,pt14-EOC3,D,Mut,WT,WT,WT,WT,WT,WT
S3PL07-11M-852-EOC3,CMP,pt14-EOC3,D,Mut,WT,WT,WT,WT,WT,WT
S3PL07-13B-852-EOC3,CMP,pt14-EOC3,D,Mut,WT,WT,Undetected,Undetected,Undetected,Undetected
S3PL07-13C-852-EOC3,CMP,pt14-EOC3,D,Mut,WT,WT,WT,WT,WT,WT
S3PL07-13F-852-EOC3,B-NK,pt14-EOC3,DN_4_20,Mut,WT,WT,WT,Mut,WT,WT
S3PL07-13G-852-EOC3,GMP,pt14-EOC3,D,Mut,WT,WT,WT,WT,WT,WT
S3PL07-13O-852-EOC3,MEP,pt14-EOC3,D,Mut,WT,WT,WT,WT,WT,WT
S3PL07-15J-852-EOC3,CMP,pt14-EOC3,D,Mut,WT,WT,WT,WT,WT,WT
S3PL07-17D-852-EOC3,B-NK,pt14-EOC3,D,Mut,WT,WT,WT,WT,WT,WT
S3PL07-19P-852-EOC3,CMP,pt14-EOC3,D,Mut,WT,WT,Undetected,Undetected,Undetected,Undetected
S3PL07-21H-852-EOC3,CMP,pt14-EOC3,D,Mut,WT,WT,WT,WT,WT,WT
S3PL07-21O-852-EOC3,MPP,pt14-EOC3,D,Mut,WT,WT,WT,WT,WT,WT
S3PL09-01C-852-REL,Precursor,pt14-REL,DN_4_21,Mut,WT,WT,WT,WT,Mut,Mut
S3PL09-03N-852-REL,Precursor,pt14-REL,DN_4,Mut,WT,WT,WT,WT,WT,Mut
S3PL11-03C-852-REL,Precursor,pt14-REL,DN_4,Mut,WT,WT,WT,WT,WT,Mut
S3PL11-03J-852-REL,Precursor,pt14-REL,DN_4,Mut,WT,WT,WT,WT,WT,Mut
S3PL11-03M-852-REL,Precursor,pt14-REL,DN_4_21,Mut,WT,WT,WT,WT,Mut,Mut
S3PL11-03N-852-REL,Precursor,pt14-REL,DN_4,Mut,WT,WT,WT,WT,WT,Mut
S3PL11-05B-852-REL,Precursor,pt14-REL,DN_4,Mut,WT,WT,WT,WT,WT,Mut
S3PL11-05I-852-REL,Precursor,pt14-REL,DN_4_20,Mut,WT,WT,WT,Mut,WT,Mut
S3PL12-03O-852-REL,Precursor,pt14-REL,DN_4,Mut,WT,WT,WT,WT,WT,Mut
S3PL12-07H-852-REL,Precursor,pt14-REL,DN_4,Mut,WT,WT,WT,WT,WT,Mut
S3PL12-11O-852-REL,Precursor,pt14-REL,DN_4,Mut,WT,WT,WT,WT,WT,Mut
S4PL13-01G-852-BL,CMP,pt14-BL,D,Mut,WT,WT,Mut,WT,WT,WT
S4PL13-01L-852-BL,GMP,pt14-BL,D,Mut,WT,WT,WT,WT,WT,WT
S4PL13-01M-852-BL,MPP,pt14-BL,DN_4,Mut,WT,WT,WT,WT,WT,Mut
S4PL13-01P-852-BL,MPP,pt14-BL,D,Mut,WT,WT,WT,WT,WT,WT
S4PL13-03A-852-BL,MPP,pt14-BL,D,Mut,WT,WT,WT,WT,WT,WT
S4PL13-03J-852-BL,GMP,pt14-BL,D,Mut,WT,WT,Mut,WT,WT,WT
S4PL13-03K-852-BL,MPP,pt14-BL,D,Mut,WT,WT,WT,WT,WT,WT
S4PL13-05C-852-BL,GMP,pt14-BL,D,Mut,WT,WT,Mut,WT,WT,WT
S3PL01-03P-852-BL,Lin-Mature,pt14-BL,WT,WT,WT,WT,WT,WT,WT,WT
S3PL01-09C-852-BL,CMP,pt14-BL,WT,WT,WT,WT,WT,WT,WT,WT
S3PL01-13K-852-BL,MPP,pt14-BL,20,WT,WT,WT,Mut,WT,WT,WT
S3PL01-13M-852-BL,Precursor,pt14-BL,20,WT,WT,WT,Mut,WT,WT,WT
S3PL01-15K-852-BL,MPP,pt14-BL,WT,WT,WT,WT,WT,WT,WT,WT
S3PL01-17C-852-BL,HSC,pt14-BL,WT,WT,WT,WT,WT,WT,WT,WT
S3PL01-17K-852-BL,CMP,pt14-BL,WT,WT,WT,WT,WT,WT,WT,WT
S3PL01-21G-852-BL,MPP,pt14-BL,WT,WT,WT,WT,WT,WT,WT,WT
S3PL02-03L-852-BL,Lin-Mature,pt14-BL,20,WT,WT,WT,Mut,WT,WT,WT
S3PL02-05H-852-BL,MPP,pt14-BL,WT,WT,WT,WT,WT,WT,WT,WT
S3PL02-07A-852-BL,Lin-Mature,pt14-BL,20,WT,WT,WT,Mut,WT,WT,WT
S3PL02-13C-852-BL,MPP,pt14-BL,WT,WT,WT,WT,WT,WT,WT,WT
S3PL02-13K-852-BL,MPP,pt14-BL,20,WT,WT,WT,Mut,WT,WT,WT
S3PL02-15H-852-BL,CMP,pt14-BL,WT,WT,WT,WT,WT,WT,WT,WT
S3PL02-15M-852-BL,MPP,pt14-BL,WT,WT,WT,WT,WT,WT,WT,WT
S3PL02-17B-852-BL,Lin-Mature,pt14-BL,20,WT,WT,WT,Mut,WT,WT,WT
S3PL02-17L-852-BL,HSC,pt14-BL,20,WT,WT,WT,Mut,WT,WT,WT
S3PL02-21O-852-BL,MPP,pt14-BL,WT,WT,WT,WT,WT,WT,WT,WT
S3PL03-01L-852-BL,Lin-Mature,pt14-BL,WT,WT,WT,WT,WT,WT,WT,WT
S3PL03-03E-852-BL,Lin-Mature,pt14-BL,20,WT,WT,WT,Mut,WT,WT,WT
S3PL03-11F-852-BL,Lin-Mature,pt14-BL,20,WT,WT,WT,Mut,WT,WT,WT
S3PL03-11K-852-BL,Lin-Mature,pt14-BL,20,WT,WT,WT,Mut,WT,WT,WT
S3PL03-13M-852-BL,Precursor,pt14-BL,WT,WT,WT,WT,WT,WT,WT,WT
S3PL03-15C-852-BL,MPP,pt14-BL,WT,WT,WT,WT,WT,WT,WT,WT
S3PL03-17P-852-BL,MPP,pt14-BL,WT,WT,WT,WT,WT,WT,WT,WT
S3PL03-19K-852-BL,Lin-Mature,pt14-BL,WT,WT,WT,WT,WT,WT,WT,WT
S3PL03-21C-852-BL,MPP,pt14-BL,20,WT,WT,WT,Mut,WT,WT,WT
S3PL03-21D-852-BL,MPP,pt14-BL,WT,WT,WT,WT,WT,WT,WT,WT
S3PL03-21J-852-BL,MPP,pt14-BL,WT,WT,WT,WT,WT,WT,WT,WT
S3PL04-03F-852-EOC3,Lin-Mature,pt14-EOC3,WT,WT,WT,WT,WT,WT,WT,WT
S3PL04-03K-852-EOC3,CMP,pt14-EOC3,WT,WT,WT,WT,WT,WT,WT,WT
S3PL04-03L-852-EOC3,Lin-Mature,pt14-EOC3,WT,WT,WT,WT,WT,WT,WT,WT
S3PL04-03M-852-EOC3,Lin-Mature,pt14-EOC3,WT,WT,WT,WT,WT,WT,WT,WT
S3PL04-03N-852-EOC3,CMP,pt14-EOC3,WT,WT,WT,WT,WT,WT,WT,WT
S3PL04-05K-852-EOC3,CMP,pt14-EOC3,WT,WT,WT,WT,WT,WT,WT,WT
S3PL04-05L-852-EOC3,CMP,pt14-EOC3,WT,WT,WT,WT,WT,WT,WT,WT
S3PL04-05P-852-EOC3,Lin-Mature,pt14-EOC3,20,WT,WT,WT,Mut,WT,WT,WT
S3PL04-07B-852-EOC3,GMP,pt14-EOC3,WT,WT,WT,WT,WT,WT,WT,WT
S3PL04-07C-852-EOC3,Lin-Mature,pt14-EOC3,20,WT,WT,WT,Mut,WT,WT,WT
S3PL04-09J-852-EOC3,CMP,pt14-EOC3,WT,WT,WT,WT,WT,WT,WT,WT
S3PL04-09L-852-EOC3,GMP,pt14-EOC3,WT,WT,WT,WT,WT,WT,WT,WT
S3PL04-11A-852-EOC3,B-NK,pt14-EOC3,WT,WT,WT,WT,WT,WT,WT,WT
S3PL04-11C-852-EOC3,Lin-Mature,pt14-EOC3,WT,WT,WT,WT,WT,WT,WT,WT
S3PL04-11J-852-EOC3,CMP,pt14-EOC3,WT,WT,WT,WT,WT,WT,WT,WT
S3PL04-11K-852-EOC3,B-NK,pt14-EOC3,WT,WT,WT,WT,WT,WT,WT,WT
S3PL04-11L-852-EOC3,B-NK,pt14-EOC3,WT,WT,WT,WT,WT,WT,WT,WT
S3PL04-11M-852-EOC3,CMP,pt14-EOC3,WT,WT,WT,WT,WT,WT,WT,WT
S3PL04-11N-852-EOC3,CMP,pt14-EOC3,WT,WT,WT,WT,WT,WT,WT,WT
S3PL04-11O-852-EOC3,CMP,pt14-EOC3,WT,WT,WT,WT,WT,WT,WT,WT
S3PL04-11P-852-EOC3,GMP,pt14-EOC3,WT,WT,WT,WT,WT,WT,WT,WT
S3PL04-13B-852-EOC3,Precursor,pt14-EOC3,WT,WT,WT,WT,WT,WT,WT,WT
S3PL04-13E-852-EOC3,CMP,pt14-EOC3,20,WT,WT,WT,Mut,WT,WT,WT
S3PL04-13G-852-EOC3,MEP,pt14-EOC3,WT,WT,WT,WT,WT,WT,WT,WT
S3PL04-13N-852-EOC3,CMP,pt14-EOC3,WT,WT,WT,WT,WT,WT,WT,WT
S3PL04-13P-852-EOC3,CMP,pt14-EOC3,WT,WT,WT,WT,WT,WT,WT,WT
S3PL04-15A-852-EOC3,CMP,pt14-EOC3,WT,WT,WT,WT,WT,WT,WT,WT
S3PL04-15B-852-EOC3,B-NK,pt14-EOC3,WT,WT,WT,WT,WT,WT,WT,WT
S3PL04-15D-852-EOC3,CMP,pt14-EOC3,WT,WT,WT,WT,WT,WT,Mut,WT
S3PL04-15E-852-EOC3,MEP,pt14-EOC3,WT,WT,WT,WT,WT,WT,WT,WT
S3PL04-15F-852-EOC3,Precursor,pt14-EOC3,WT,WT,WT,WT,WT,WT,WT,WT
S3PL04-15G-852-EOC3,B-NK,pt14-EOC3,WT,WT,WT,WT,WT,WT,WT,WT
S3PL04-15J-852-EOC3,B-NK,pt14-EOC3,WT,WT,WT,WT,WT,WT,WT,WT
S3PL04-15K-852-EOC3,GMP,pt14-EOC3,WT,WT,WT,WT,WT,WT,WT,WT
S3PL04-15M-852-EOC3,CMP,pt14-EOC3,WT,WT,WT,WT,WT,WT,WT,WT
S3PL04-15O-852-EOC3,CMP,pt14-EOC3,WT,WT,WT,WT,WT,WT,WT,WT
S3PL04-17C-852-EOC3,CMP,pt14-EOC3,WT,WT,WT,WT,WT,WT,WT,WT
S3PL04-17G-852-EOC3,CMP,pt14-EOC3,WT,WT,WT,WT,WT,WT,WT,WT
S3PL04-17I-852-EOC3,GMP,pt14-EOC3,WT,WT,WT,WT,WT,WT,WT,WT
S3PL04-17J-852-EOC3,CMP,pt14-EOC3,WT,WT,WT,WT,WT,WT,WT,WT
S3PL04-17K-852-EOC3,CMP,pt14-EOC3,WT,WT,WT,WT,WT,WT,WT,WT
S3PL04-17L-852-EOC3,MEP,pt14-EOC3,WT,WT,WT,WT,WT,WT,WT,WT
S3PL04-19A-852-EOC3,CMP,pt14-EOC3,WT,WT,WT,WT,WT,WT,WT,WT
S3PL04-19F-852-EOC3,CMP,pt14-EOC3,WT,WT,WT,WT,WT,WT,WT,WT
S3PL04-19G-852-EOC3,HSC,pt14-EOC3,WT,WT,WT,WT,WT,WT,WT,WT
S3PL04-19H-852-EOC3,GMP,pt14-EOC3,WT,WT,WT,WT,WT,WT,WT,WT
S3PL04-19I-852-EOC3,CMP,pt14-EOC3,WT,WT,WT,WT,WT,WT,WT,WT
S3PL04-19J-852-EOC3,GMP,pt14-EOC3,WT,WT,WT,WT,WT,WT,WT,WT
S3PL04-19K-852-EOC3,B-NK,pt14-EOC3,WT,WT,WT,WT,WT,WT,WT,WT
S3PL04-19M-852-EOC3,MEP,pt14-EOC3,WT,WT,WT,WT,WT,Mut,WT,WT
S3PL04-19N-852-EOC3,CMP,pt14-EOC3,WT,WT,WT,WT,WT,WT,WT,WT
S3PL04-21B-852-EOC3,CMP,pt14-EOC3,WT,WT,WT,WT,WT,WT,WT,WT
S3PL04-21D-852-EOC3,GMP,pt14-EOC3,WT,WT,WT,WT,WT,WT,WT,WT
S3PL04-21E-852-EOC3,B-NK,pt14-EOC3,WT,WT,WT,WT,WT,WT,WT,WT
S3PL04-21F-852-EOC3,CMP,pt14-EOC3,WT,WT,WT,WT,WT,WT,WT,WT
S3PL04-21I-852-EOC3,B-NK,pt14-EOC3,WT,WT,WT,WT,WT,WT,WT,WT
S3PL04-21K-852-EOC3,GMP,pt14-EOC3,WT,WT,WT,WT,WT,WT,WT,WT
S3PL04-21L-852-EOC3,B-NK,pt14-EOC3,WT,WT,WT,WT,WT,WT,WT,WT
S3PL04-21M-852-EOC3,B-NK,pt14-EOC3,WT,WT,WT,WT,WT,WT,WT,Mut
S3PL05-01B-852-EOC3,Lin-Mature,pt14-EOC3,WT,WT,WT,WT,WT,WT,WT,WT
S3PL05-01D-852-EOC3,Lin-Mature,pt14-EOC3,20,WT,WT,WT,Mut,WT,WT,WT
S3PL05-01F-852-EOC3,Precursor,pt14-EOC3,WT,WT,WT,WT,WT,WT,WT,WT
S3PL05-01K-852-EOC3,HSC,pt14-EOC3,WT,WT,WT,WT,WT,WT,WT,WT
S3PL05-03P-852-EOC3,GMP,pt14-EOC3,WT,WT,WT,WT,WT,WT,WT,WT
S3PL05-05C-852-EOC3,Lin-Mature,pt14-EOC3,20,WT,WT,WT,Mut,WT,WT,WT
S3PL05-05E-852-EOC3,Lin-Mature,pt14-EOC3,WT,WT,WT,WT,WT,WT,WT,WT
S3PL05-05F-852-EOC3,Lin-Mature,pt14-EOC3,WT,WT,WT,WT,WT,WT,WT,WT
S3PL05-05I-852-EOC3,Lin-Mature,pt14-EOC3,20,WT,WT,WT,Mut,WT,WT,WT
S3PL05-05M-852-EOC3,Lin-Mature,pt14-EOC3,20,WT,WT,WT,Mut,WT,WT,WT
S3PL05-07J-852-EOC3,CMP,pt14-EOC3,WT,WT,WT,WT,WT,WT,WT,WT
S3PL05-07K-852-EOC3,Lin-Mature,pt14-EOC3,WT,WT,WT,WT,WT,Mut,WT,WT
S3PL05-07O-852-EOC3,Lin-Mature,pt14-EOC3,20,WT,WT,WT,Mut,WT,WT,WT
S3PL05-09D-852-EOC3,GMP,pt14-EOC3,WT,WT,WT,WT,WT,WT,WT,WT
S3PL05-09F-852-EOC3,Lin-Mature,pt14-EOC3,WT,WT,WT,WT,WT,WT,WT,WT
S3PL05-09N-852-EOC3,B-NK,pt14-EOC3,WT,WT,WT,WT,WT,WT,WT,WT
S3PL05-11A-852-EOC3,GMP,pt14-EOC3,WT,WT,WT,WT,WT,WT,WT,WT
S3PL05-11C-852-EOC3,CMP,pt14-EOC3,WT,WT,WT,WT,WT,WT,WT,WT
S3PL05-11D-852-EOC3,CMP,pt14-EOC3,WT,WT,WT,WT,WT,WT,WT,WT
S3PL05-11E-852-EOC3,GMP,pt14-EOC3,WT,WT,WT,WT,WT,WT,WT,WT
S3PL05-11F-852-EOC3,CMP,pt14-EOC3,WT,WT,WT,WT,WT,WT,WT,WT
S3PL05-11I-852-EOC3,MEP,pt14-EOC3,WT,WT,WT,WT,WT,WT,WT,WT
S3PL05-11L-852-EOC3,GMP,pt14-EOC3,WT,WT,WT,WT,WT,WT,WT,WT
S3PL05-11N-852-EOC3,GMP,pt14-EOC3,WT,WT,WT,WT,WT,WT,WT,WT
S3PL05-13B-852-EOC3,GMP,pt14-EOC3,WT,WT,WT,WT,WT,WT,WT,WT
S3PL05-13G-852-EOC3,CMP,pt14-EOC3,WT,WT,WT,WT,WT,WT,WT,WT
S3PL05-13I-852-EOC3,GMP,pt14-EOC3,WT,WT,WT,WT,WT,WT,WT,WT
S3PL05-13K-852-EOC3,CMP,pt14-EOC3,WT,WT,WT,WT,WT,WT,WT,WT
S3PL05-13L-852-EOC3,GMP,pt14-EOC3,WT,WT,WT,WT,WT,WT,WT,WT
S3PL05-13M-852-EOC3,GMP,pt14-EOC3,WT,WT,WT,WT,WT,WT,WT,WT
S3PL05-13O-852-EOC3,CMP,pt14-EOC3,WT,WT,WT,WT,WT,WT,WT,WT
S3PL05-13P-852-EOC3,B-NK,pt14-EOC3,WT,WT,WT,WT,WT,WT,WT,WT
S3PL05-15I-852-EOC3,MEP,pt14-EOC3,WT,WT,WT,WT,WT,WT,WT,WT
S3PL05-15L-852-EOC3,GMP,pt14-EOC3,WT,WT,WT,WT,WT,WT,WT,WT
S3PL05-15O-852-EOC3,B-NK,pt14-EOC3,20,WT,WT,WT,Mut,WT,WT,WT
S3PL05-15P-852-EOC3,CMP,pt14-EOC3,WT,WT,WT,WT,WT,WT,WT,WT
S3PL05-17C-852-EOC3,MEP,pt14-EOC3,WT,WT,WT,WT,WT,WT,WT,WT
S3PL05-17F-852-EOC3,CMP,pt14-EOC3,WT,WT,WT,WT,WT,WT,WT,WT
S3PL05-17G-852-EOC3,MEP,pt14-EOC3,WT,WT,WT,WT,WT,WT,WT,WT
S3PL05-17H-852-EOC3,CMP,pt14-EOC3,WT,WT,WT,WT,WT,WT,WT,WT
S3PL05-17J-852-EOC3,CMP,pt14-EOC3,WT,WT,WT,WT,WT,WT,WT,WT
S3PL05-17L-852-EOC3,CMP,pt14-EOC3,WT,WT,WT,WT,WT,WT,WT,WT
S3PL05-17N-852-EOC3,B-NK,pt14-EOC3,WT,WT,WT,WT,WT,WT,WT,WT
S3PL05-19D-852-EOC3,B-NK,pt14-EOC3,WT,WT,WT,WT,WT,WT,WT,WT
S3PL05-19I-852-EOC3,B-NK,pt14-EOC3,WT,WT,WT,WT,WT,WT,WT,WT
S3PL05-19K-852-EOC3,GMP,pt14-EOC3,WT,WT,WT,WT,WT,WT,Mut,WT
S3PL05-21D-852-EOC3,CMP,pt14-EOC3,WT,WT,WT,WT,WT,WT,WT,WT
S3PL05-21G-852-EOC3,B-NK,pt14-EOC3,WT,WT,WT,WT,WT,WT,WT,WT
S3PL05-21I-852-EOC3,MPP,pt14-EOC3,WT,WT,WT,WT,WT,WT,WT,WT
S3PL05-21J-852-EOC3,LMPP,pt14-EOC3,WT,WT,WT,WT,WT,WT,WT,WT
S3PL05-21K-852-EOC3,CMP,pt14-EOC3,WT,WT,WT,WT,WT,Mut,WT,WT
S3PL05-21L-852-EOC3,MEP,pt14-EOC3,WT,WT,WT,WT,WT,WT,WT,WT
S3PL05-21M-852-EOC3,HSC,pt14-EOC3,WT,WT,WT,WT,WT,WT,WT,WT
S3PL05-21N-852-EOC3,MLP,pt14-EOC3,WT,WT,WT,WT,WT,WT,WT,WT
S3PL06-03A-852-EOC3,Lin-Mature,pt14-EOC3,WT,WT,WT,WT,WT,WT,WT,WT
S3PL06-03L-852-EOC3,MEP,pt14-EOC3,WT,WT,WT,WT,WT,WT,WT,WT
S3PL06-03M-852-EOC3,GMP,pt14-EOC3,WT,WT,WT,WT,WT,WT,WT,WT
S3PL06-03N-852-EOC3,Lin-Mature,pt14-EOC3,WT,WT,WT,WT,WT,WT,WT,WT
S3PL06-03O-852-EOC3,Lin-Mature,pt14-EOC3,WT,WT,WT,WT,WT,WT,WT,WT
S3PL06-03P-852-EOC3,GMP,pt14-EOC3,WT,WT,WT,WT,WT,WT,Mut,WT
S3PL06-05B-852-EOC3,Lin-Mature,pt14-EOC3,WT,WT,WT,WT,WT,WT,WT,WT
S3PL06-05J-852-EOC3,Lin-Mature,pt14-EOC3,WT,WT,WT,WT,WT,WT,WT,WT
S3PL06-05M-852-EOC3,MEP,pt14-EOC3,WT,WT,WT,WT,WT,WT,Mut,WT
S3PL06-05N-852-EOC3,CMP,pt14-EOC3,WT,WT,WT,WT,WT,WT,WT,WT
S3PL06-07A-852-EOC3,Lin-Mature,pt14-EOC3,WT,WT,WT,WT,WT,WT,WT,WT
S3PL06-07G-852-EOC3,GMP,pt14-EOC3,WT,WT,WT,WT,WT,WT,WT,WT
S3PL06-07I-852-EOC3,MEP,pt14-EOC3,WT,WT,WT,WT,WT,WT,WT,WT
S3PL06-07L-852-EOC3,Lin-Mature,pt14-EOC3,20,WT,WT,WT,Mut,WT,WT,WT
S3PL06-09E-852-EOC3,B-NK,pt14-EOC3,WT,WT,WT,WT,WT,WT,Mut,WT
S3PL06-09J-852-EOC3,B-NK,pt14-EOC3,WT,WT,WT,WT,WT,WT,WT,WT
S3PL06-09O-852-EOC3,Lin-Mature,pt14-EOC3,WT,WT,WT,WT,WT,WT,WT,WT
S3PL06-09P-852-EOC3,CMP,pt14-EOC3,WT,WT,WT,WT,WT,WT,WT,WT
S3PL06-11A-852-EOC3,MEP,pt14-EOC3,WT,WT,WT,WT,WT,WT,WT,WT
S3PL06-11C-852-EOC3,CMP,pt14-EOC3,WT,WT,WT,WT,WT,WT,WT,WT
S3PL06-11E-852-EOC3,GMP,pt14-EOC3,WT,WT,WT,WT,WT,WT,WT,WT
S3PL06-11H-852-EOC3,CMP,pt14-EOC3,WT,WT,WT,WT,WT,WT,WT,WT
S3PL06-11I-852-EOC3,CMP,pt14-EOC3,WT,WT,WT,WT,WT,WT,WT,WT
S3PL06-11J-852-EOC3,CMP,pt14-EOC3,WT,WT,WT,WT,WT,Mut,WT,WT
S3PL06-11M-852-EOC3,CMP,pt14-EOC3,WT,WT,WT,WT,WT,WT,WT,WT
S3PL06-11N-852-EOC3,GMP,pt14-EOC3,WT,WT,WT,WT,WT,WT,WT,WT
S3PL06-13G-852-EOC3,CMP,pt14-EOC3,WT,WT,WT,WT,WT,WT,Mut,WT
S3PL06-13H-852-EOC3,B-NK,pt14-EOC3,WT,WT,WT,WT,WT,WT,WT,WT
S3PL06-13I-852-EOC3,B-NK,pt14-EOC3,WT,WT,WT,WT,WT,WT,WT,WT
S3PL06-13L-852-EOC3,B-NK,pt14-EOC3,WT,WT,WT,WT,WT,WT,WT,WT
S3PL06-13O-852-EOC3,GMP,pt14-EOC3,WT,WT,WT,WT,WT,WT,WT,WT
S3PL06-15C-852-EOC3,CMP,pt14-EOC3,WT,WT,WT,WT,WT,WT,Mut,WT
S3PL06-15D-852-EOC3,Lin-Mature,pt14-EOC3,20,WT,WT,WT,Mut,WT,WT,WT
S3PL06-15E-852-EOC3,GMP,pt14-EOC3,WT,WT,WT,WT,WT,WT,WT,WT
S3PL06-15F-852-EOC3,GMP,pt14-EOC3,WT,WT,WT,WT,WT,WT,WT,WT
S3PL06-15H-852-EOC3,GMP,pt14-EOC3,WT,WT,WT,WT,WT,WT,WT,WT
S3PL06-15I-852-EOC3,MEP,pt14-EOC3,WT,WT,WT,WT,WT,WT,WT,WT
S3PL06-15J-852-EOC3,B-NK,pt14-EOC3,WT,WT,WT,WT,WT,WT,WT,WT
S3PL06-15K-852-EOC3,CMP,pt14-EOC3,WT,WT,WT,WT,WT,WT,WT,WT
S3PL06-15L-852-EOC3,GMP,pt14-EOC3,WT,WT,WT,WT,WT,WT,WT,WT
S3PL06-15M-852-EOC3,GMP,pt14-EOC3,WT,WT,WT,WT,WT,WT,WT,WT
S3PL06-15N-852-EOC3,CMP,pt14-EOC3,WT,WT,WT,WT,WT,WT,WT,Mut
S3PL06-15O-852-EOC3,HSC,pt14-EOC3,WT,WT,WT,WT,WT,WT,WT,WT
S3PL06-17F-852-EOC3,B-NK,pt14-EOC3,WT,WT,WT,WT,WT,WT,WT,WT
S3PL06-17H-852-EOC3,B-NK,pt14-EOC3,WT,WT,WT,WT,WT,WT,WT,WT
S3PL06-17J-852-EOC3,Precursor,pt14-EOC3,WT,WT,WT,WT,WT,WT,WT,WT
S3PL06-17M-852-EOC3,CMP,pt14-EOC3,WT,WT,WT,WT,WT,WT,WT,WT
S3PL06-17O-852-EOC3,GMP,pt14-EOC3,WT,WT,WT,WT,WT,WT,WT,WT
S3PL06-17P-852-EOC3,CMP,pt14-EOC3,WT,WT,WT,WT,WT,WT,WT,Mut
S3PL06-19H-852-EOC3,CMP,pt14-EOC3,WT,WT,WT,WT,WT,WT,WT,WT
S3PL06-19L-852-EOC3,GMP,pt14-EOC3,WT,WT,WT,WT,WT,WT,WT,WT
S3PL06-19M-852-EOC3,CMP,pt14-EOC3,WT,WT,WT,WT,WT,WT,WT,WT
S3PL06-19O-852-EOC3,CMP,pt14-EOC3,WT,WT,WT,WT,WT,WT,WT,WT
S3PL06-21H-852-EOC3,Lin-Mature,pt14-EOC3,20,WT,WT,WT,Mut,WT,WT,WT
S3PL06-21I-852-EOC3,MPP,pt14-EOC3,WT,WT,WT,WT,WT,WT,WT,WT
S3PL06-21K-852-EOC3,CMP,pt14-EOC3,WT,WT,WT,WT,WT,WT,WT,WT
S3PL06-21L-852-EOC3,HSC,pt14-EOC3,WT,WT,WT,WT,WT,WT,WT,WT
S3PL06-21M-852-EOC3,HSC,pt14-EOC3,WT,WT,WT,WT,WT,WT,WT,WT
S3PL07-01E-852-EOC3,CMP,pt14-EOC3,WT,WT,WT,WT,WT,WT,WT,WT
S3PL07-01M-852-EOC3,Lin-Mature,pt14-EOC3,WT,WT,WT,WT,WT,WT,WT,WT
S3PL07-03D-852-EOC3,CMP,pt14-EOC3,WT,WT,WT,WT,WT,WT,WT,WT
S3PL07-03K-852-EOC3,GMP,pt14-EOC3,WT,WT,WT,WT,WT,WT,WT,WT
S3PL07-03M-852-EOC3,Lin-Mature,pt14-EOC3,WT,WT,WT,WT,WT,WT,WT,WT
S3PL07-05B-852-EOC3,Lin-Mature,pt14-EOC3,20,WT,WT,WT,Mut,WT,WT,WT
S3PL07-05K-852-EOC3,CMP,pt14-EOC3,WT,WT,WT,WT,WT,WT,WT,WT
S3PL07-07C-852-EOC3,CMP,pt14-EOC3,WT,WT,WT,WT,WT,WT,WT,WT
S3PL07-07K-852-EOC3,Lin-Mature,pt14-EOC3,WT,WT,WT,WT,WT,WT,WT,WT
S3PL07-07L-852-EOC3,Lin-Mature,pt14-EOC3,WT,WT,WT,WT,WT,WT,WT,WT
S3PL07-07M-852-EOC3,GMP,pt14-EOC3,WT,WT,WT,WT,WT,WT,WT,WT
S3PL07-09D-852-EOC3,CMP,pt14-EOC3,WT,WT,WT,WT,WT,WT,WT,WT
S3PL07-09I-852-EOC3,MPP,pt14-EOC3,WT,WT,WT,WT,WT,WT,WT,WT
S3PL07-09J-852-EOC3,CMP,pt14-EOC3,WT,WT,WT,WT,WT,WT,WT,WT
S3PL07-09N-852-EOC3,CMP,pt14-EOC3,WT,WT,WT,WT,WT,WT,WT,WT
S3PL07-09P-852-EOC3,CMP,pt14-EOC3,WT,WT,WT,WT,WT,WT,WT,WT
S3PL07-11C-852-EOC3,GMP,pt14-EOC3,WT,WT,WT,WT,WT,WT,WT,WT
S3PL07-11F-852-EOC3,MPP,pt14-EOC3,WT,WT,WT,WT,WT,WT,WT,WT
S3PL07-11H-852-EOC3,CMP,pt14-EOC3,WT,WT,WT,WT,WT,WT,WT,WT
S3PL07-11I-852-EOC3,CMP,pt14-EOC3,WT,WT,WT,WT,WT,WT,WT,WT
S3PL07-11L-852-EOC3,MEP,pt14-EOC3,WT,WT,WT,WT,WT,WT,WT,WT
S3PL07-11P-852-EOC3,B-NK,pt14-EOC3,WT,WT,WT,WT,WT,WT,WT,WT
S3PL07-13H-852-EOC3,CMP,pt14-EOC3,20,WT,WT,WT,Mut,WT,WT,WT
S3PL07-13J-852-EOC3,GMP,pt14-EOC3,WT,WT,WT,WT,WT,WT,WT,WT
S3PL07-13K-852-EOC3,CMP,pt14-EOC3,WT,WT,WT,WT,WT,WT,WT,WT
S3PL07-15B-852-EOC3,MEP,pt14-EOC3,WT,WT,WT,WT,WT,WT,WT,WT
S3PL07-15G-852-EOC3,MEP,pt14-EOC3,WT,WT,WT,WT,WT,WT,WT,WT
S3PL07-15K-852-EOC3,CMP,pt14-EOC3,WT,WT,WT,WT,WT,WT,WT,WT
S3PL07-15O-852-EOC3,MEP,pt14-EOC3,WT,WT,WT,WT,WT,WT,WT,WT
S3PL07-17C-852-EOC3,GMP,pt14-EOC3,WT,WT,WT,WT,WT,WT,WT,WT
S3PL07-17H-852-EOC3,CMP,pt14-EOC3,WT,WT,WT,WT,WT,WT,WT,WT
S3PL07-17J-852-EOC3,CMP,pt14-EOC3,WT,WT,WT,WT,WT,WT,WT,WT
S3PL07-17L-852-EOC3,B-NK,pt14-EOC3,WT,WT,WT,WT,WT,WT,WT,WT
S3PL07-17M-852-EOC3,GMP,pt14-EOC3,WT,WT,WT,WT,WT,WT,WT,WT
S3PL07-17N-852-EOC3,CMP,pt14-EOC3,WT,WT,WT,WT,WT,WT,WT,WT
S3PL07-17P-852-EOC3,GMP,pt14-EOC3,WT,WT,WT,WT,WT,WT,WT,WT
S3PL07-19C-852-EOC3,B-NK,pt14-EOC3,WT,WT,WT,WT,WT,WT,WT,WT
S3PL07-19D-852-EOC3,CMP,pt14-EOC3,WT,WT,WT,WT,WT,WT,WT,WT
S3PL07-19E-852-EOC3,CMP,pt14-EOC3,WT,WT,WT,WT,WT,WT,WT,WT
S3PL07-19F-852-EOC3,B-NK,pt14-EOC3,WT,WT,WT,WT,WT,WT,WT,WT
S3PL07-19H-852-EOC3,B-NK,pt14-EOC3,WT,WT,WT,WT,WT,WT,WT,WT
S3PL07-19I-852-EOC3,GMP,pt14-EOC3,WT,WT,WT,WT,WT,WT,WT,WT
S3PL07-19M-852-EOC3,GMP,pt14-EOC3,WT,WT,WT,WT,WT,WT,WT,WT
S3PL07-19O-852-EOC3,CMP,pt14-EOC3,WT,WT,WT,WT,WT,WT,WT,WT
S3PL07-21A-852-EOC3,B-NK,pt14-EOC3,WT,WT,WT,WT,WT,WT,WT,WT
S3PL07-21E-852-EOC3,CMP,pt14-EOC3,WT,WT,WT,WT,WT,WT,WT,WT
S3PL07-21G-852-EOC3,CMP,pt14-EOC3,WT,WT,WT,WT,WT,Mut,WT,WT
S3PL07-21I-852-EOC3,MPP,pt14-EOC3,WT,WT,WT,WT,WT,WT,WT,WT
S3PL07-21K-852-EOC3,CMP,pt14-EOC3,WT,WT,WT,WT,WT,WT,WT,WT
S3PL07-21L-852-EOC3,CMP,pt14-EOC3,WT,WT,WT,WT,WT,WT,WT,WT
S3PL07-21M-852-EOC3,HSC,pt14-EOC3,WT,WT,WT,WT,WT,WT,WT,WT
S3PL08-19D-852-REL,Lin-Mature,pt14-REL,20,WT,WT,WT,Mut,WT,WT,WT
S3PL08-19F-852-REL,Lin-Mature,pt14-REL,20,WT,WT,WT,Mut,WT,WT,Mut
S3PL10-19B-852-REL,Lin-Mature,pt14-REL,WT,WT,WT,WT,WT,WT,WT,WT
S3PL11-07G-852-REL,Precursor,pt14-REL,20,WT,WT,WT,Mut,WT,WT,Mut
S4PL13-01A-852-BL,B-NK,pt14-BL,WT,WT,WT,WT,WT,WT,WT,WT
S4PL13-01H-852-BL,CMP,pt14-BL,WT,WT,WT,WT,WT,WT,WT,WT
S4PL13-01N-852-BL,MEP,pt14-BL,WT,WT,WT,WT,WT,WT,WT,WT
S4PL13-03B-852-BL,MPP,pt14-BL,WT,WT,WT,WT,WT,WT,WT,WT
S4PL13-03E-852-BL,CMP,pt14-BL,20,WT,WT,WT,Mut,WT,WT,WT
S4PL13-03L-852-BL,MEP,pt14-BL,WT,WT,WT,WT,WT,WT,WT,WT
S4PL13-03O-852-BL,MPP,pt14-BL,WT,WT,WT,WT,WT,WT,WT,WT
S4PL13-03P-852-BL,HSC,pt14-BL,20,WT,WT,WT,Mut,WT,WT,WT
S4PL13-05A-852-BL,CMP,pt14-BL,20,WT,WT,WT,Mut,WT,Mut,WT
S4PL13-05B-852-BL,HSC,pt14-BL,WT,WT,WT,WT,WT,WT,WT,WT
S4PL13-05F-852-BL,MPP,pt14-BL,WT,WT,WT,WT,WT,WT,WT,WT
S4PL13-05I-852-BL,CMP,pt14-BL,20,WT,WT,WT,Mut,WT,WT,WT
S4PL13-05L-852-BL,MPP,pt14-BL,20,WT,WT,WT,Mut,WT,WT,WT
S4PL13-05M-852-BL,MPP,pt14-BL,WT,WT,WT,WT,WT,WT,WT,WT
S4PL13-05P-852-BL,CMP,pt14-BL,20,WT,WT,WT,Mut,WT,WT,WT
S4PL13-07F-852-BL,HSC,pt14-BL,20,WT,WT,WT,Mut,WT,Mut,WT
S4PL13-07I-852-BL,MPP,pt14-BL,WT,WT,WT,WT,WT,WT,WT,WT
S4PL13-07J-852-BL,MPP,pt14-BL,WT,WT,WT,WT,WT,WT,WT,WT
S4PL13-07M-852-BL,MPP,pt14-BL,WT,WT,WT,WT,WT,WT,WT,WT
S4PL13-07N-852-BL,MPP,pt14-BL,WT,WT,WT,WT,WT,WT,WT,WT
S4PL13-07O-852-BL,MPP,pt14-BL,20,WT,WT,WT,Mut,WT,WT,WT
S4PL13-11I-852-BL,Lin-Mature,pt14-BL,20,WT,WT,WT,Mut,WT,WT,WT
S4PL13-15B-852-BL,HSC,pt14-BL,20,WT,WT,WT,Mut,WT,Mut,WT
S4PL13-17P-852-BL,CMP,pt14-BL,WT,WT,WT,WT,WT,WT,WT,WT
S4PL13-19J-852-BL,Lin-Mature,pt14-BL,20,WT,WT,WT,Mut,WT,WT,WT
S4PL13-21B-852-BL,CMP,pt14-BL,20,WT,WT,WT,Mut,WT,WT,WT
S3PL02-17A-852-BL,MPP,pt14-BL,20,Undetermined,WT,WT,Mut,WT,WT,WT
S3PL04-01O-852-EOC3,CMP,pt14-EOC3,WT,Undetermined,WT,WT,WT,WT,WT,Mut
S3PL04-07K-852-EOC3,Lin-Mature,pt14-EOC3,WT,Undetermined,WT,WT,WT,WT,WT,WT
S3PL04-07P-852-EOC3,Lin-Mature,pt14-EOC3,20,Undetermined,WT,WT,Mut,WT,WT,WT
S3PL04-13I-852-EOC3,CMP,pt14-EOC3,WT,Undetermined,WT,WT,WT,WT,WT,WT
S3PL04-21C-852-EOC3,MPP,pt14-EOC3,20,Undetermined,WT,WT,Mut,WT,WT,WT
S3PL05-05D-852-EOC3,Lin-Mature,pt14-EOC3,20,Undetermined,WT,WT,Mut,WT,WT,WT
S3PL05-11G-852-EOC3,CMP,pt14-EOC3,WT,Undetermined,WT,WT,WT,WT,WT,WT
S3PL05-15K-852-EOC3,GMP,pt14-EOC3,WT,Undetermined,WT,WT,WT,WT,WT,WT
S3PL06-07J-852-EOC3,Lin-Mature,pt14-EOC3,WT,Undetermined,WT,WT,WT,WT,WT,WT
S3PL06-13D-852-EOC3,CMP,pt14-EOC3,WT,Undetermined,WT,WT,WT,WT,WT,WT
S3PL06-15P-852-EOC3,CMP,pt14-EOC3,WT,Undetermined,WT,WT,WT,WT,WT,WT
S3PL06-21E-852-EOC3,MPP,pt14-EOC3,WT,Undetermined,WT,WT,WT,WT,WT,WT
S3PL07-15A-852-EOC3,B-NK,pt14-EOC3,WT,Undetermined,WT,WT,WT,WT,WT,WT
S3PL08-19L-852-REL,Lin-Mature,pt14-REL,WT,Undetermined,WT,WT,WT,WT,WT,WT
S4PL13-01B-852-BL,MPP,pt14-BL,WT,Undetermined,WT,WT,WT,WT,WT,WT
S4PL13-01O-852-BL,MPP,pt14-BL,WT,Undetermined,WT,WT,WT,WT,WT,WT
S3PL03-21F-852-BL,MPP,pt14-BL,WT,Undetected,WT,WT,WT,WT,WT,WT
S3PL04-07I-852-EOC3,GMP,pt14-EOC3,WT,Undetected,WT,WT,WT,WT,WT,Mut
S3PL04-13J-852-EOC3,GMP,pt14-EOC3,WT,Undetected,WT,WT,WT,WT,Mut,WT
S3PL04-17A-852-EOC3,GMP,pt14-EOC3,WT,Undetected,WT,WT,WT,WT,WT,WT
S3PL04-17E-852-EOC3,GMP,pt14-EOC3,WT,Undetected,WT,WT,WT,WT,WT,WT
S3PL04-21G-852-EOC3,B-NK,pt14-EOC3,WT,Undetected,WT,WT,WT,WT,WT,WT
S3PL05-07B-852-EOC3,Lin-Mature,pt14-EOC3,20,Undetected,WT,WT,Mut,WT,WT,WT
S3PL12-09A-852-REL,Precursor,pt14-REL,WT,Undetected,WT,WT,WT,WT,WT,Mut
S3PL03-13L-852-BL,Precursor,pt14-BL,D,Mut,WT,Undetermined,WT,WT,WT,WT
S3PL03-15G-852-BL,Precursor,pt14-BL,D,Mut,WT,Undetermined,WT,WT,WT,WT
S3PL05-13J-852-EOC3,GMP,pt14-EOC3,D,Mut,WT,Undetermined,WT,WT,WT,WT
S3PL07-21N-852-EOC3,LMPP,pt14-EOC3,D,Mut,WT,Undetermined,WT,WT,WT,WT
S3PL09-15E-852-REL,GMP,pt14-REL,D,Mut,WT,Undetermined,WT,WT,WT,WT
S3PL10-19C-852-REL,Lin-Mature,pt14-REL,DN_4_20,Mut,WT,Undetermined,WT,Mut,WT,Mut
S3PL11-07L-852-REL,Precursor,pt14-REL,DN_4_21,Mut,WT,Undetermined,WT,WT,Mut,WT
S3PL12-03P-852-REL,Precursor,pt14-REL,DN_4,Mut,WT,Undetermined,WT,WT,WT,Mut
S4PL13-01D-852-BL,LMPP,pt14-BL,D,Mut,WT,Undetermined,Mut,WT,WT,WT
S4PL13-21E-852-BL,Precursor,pt14-BL,D,Mut,WT,Undetermined,WT,WT,WT,WT
S3PL01-19O-852-BL,Lin-Mature,pt14-BL,WT,WT,WT,Undetermined,WT,WT,WT,WT
S3PL05-19L-852-EOC3,CMP,pt14-EOC3,WT,WT,WT,Undetermined,WT,WT,WT,WT
S3PL10-09L-852-REL,Precursor,pt14-REL,WT,WT,WT,Undetermined,WT,Mut,WT,Mut
S3PL11-13L-852-REL,LMPP,pt14-REL,WT,WT,WT,Undetermined,WT,WT,WT,WT
S3PL05-15B-852-EOC3,Precursor,pt14-EOC3,20,Undetermined,WT,Undetermined,Mut,WT,WT,Mut
S3PL06-09A-852-EOC3,Precursor,pt14-EOC3,WT,Undetermined,WT,Undetermined,WT,WT,WT,Mut
S3PL01-19C-852-BL,MPP,pt14-BL,D,Mut,WT,Undetected,WT,WT,WT,WT
S3PL04-21A-852-EOC3,Precursor,pt14-EOC3,D,Mut,WT,Undetected,Undetected,Undetected,Undetected,Undetected
S3PL06-01B-852-EOC3,Lin-Mature,pt14-EOC3,D,Mut,WT,Undetected,Mut,WT,WT,WT
S3PL06-21G-852-EOC3,CMP,pt14-EOC3,D,Mut,WT,Undetected,WT,WT,WT,WT
S3PL08-03J-852-REL,Precursor,pt14-REL,D,Mut,WT,Undetected,Undetected,Undetected,Undetected,Undetected
S3PL09-01E-852-REL,Precursor,pt14-REL,DN_4_21,Mut,WT,Undetected,WT,WT,Mut,Mut
S3PL09-01K-852-REL,Precursor,pt14-REL,D,Mut,WT,Undetected,WT,Mut,Mut,Mut
S3PL09-01O-852-REL,Precursor,pt14-REL,DN_4,Mut,WT,Undetected,WT,WT,WT,Mut
S3PL09-01P-852-REL,Precursor,pt14-REL,DN_4,Mut,WT,Undetected,WT,WT,WT,Mut
S3PL09-03G-852-REL,Precursor,pt14-REL,DN_4,Mut,WT,Undetected,WT,WT,WT,Mut
S3PL09-03H-852-REL,Precursor,pt14-REL,D,Mut,WT,Undetected,Undetected,Undetected,Undetected,Undetected
S3PL09-05O-852-REL,Precursor,pt14-REL,DN_4,Mut,WT,Undetected,WT,WT,WT,Mut
S3PL09-07H-852-REL,Precursor,pt14-REL,DN_4_21,Mut,WT,Undetected,WT,WT,Mut,Mut
S3PL09-07N-852-REL,Precursor,pt14-REL,DN_4,Mut,WT,Undetected,WT,WT,WT,Mut
S3PL09-09H-852-REL,Precursor,pt14-REL,DN_4,Mut,WT,Undetected,WT,WT,WT,Mut
S3PL09-09O-852-REL,Precursor,pt14-REL,DN_4_21,Mut,WT,Undetected,WT,WT,Mut,Mut
S3PL09-09P-852-REL,Precursor,pt14-REL,DN_4,Mut,WT,Undetected,WT,WT,WT,Mut
S3PL09-11N-852-REL,LMPP,pt14-REL,DN_4,Mut,WT,Undetected,WT,WT,WT,Mut
S3PL09-15P-852-REL,CMP,pt14-REL,DN_4,Mut,WT,Undetected,WT,WT,WT,Mut
S3PL09-17C-852-REL,GMP,pt14-REL,D,Mut,WT,Undetected,WT,WT,WT,WT
S3PL09-17M-852-REL,LMPP,pt14-REL,D,Mut,WT,Undetected,WT,WT,WT,WT
S3PL09-21C-852-REL,Lin-Mature,pt14-REL,DN_4,Mut,WT,Undetected,Mut,WT,WT,Mut
S3PL09-21M-852-REL,Precursor,pt14-REL,DN_4,Mut,WT,Undetected,WT,WT,WT,Mut
S3PL09-21N-852-REL,Lin-Mature,pt14-REL,D,Mut,WT,Undetected,Undetected,Undetected,Undetected,Undetected
S3PL10-01C-852-REL,Precursor,pt14-REL,DN_4,Mut,WT,Undetected,WT,WT,WT,Mut
S3PL10-01D-852-REL,Precursor,pt14-REL,DN_4_21,Mut,WT,Undetected,Mut,WT,Mut,Mut
S3PL10-01M-852-REL,Precursor,pt14-REL,DN_4_21,Mut,WT,Undetected,WT,WT,Mut,Mut
S3PL10-03B-852-REL,Precursor,pt14-REL,DN_4_21,Mut,WT,Undetected,WT,WT,Mut,Mut
S3PL10-03P-852-REL,Precursor,pt14-REL,DN_4,Mut,WT,Undetected,WT,WT,WT,Mut
S3PL10-05D-852-REL,Precursor,pt14-REL,DN_4_21,Mut,WT,Undetected,WT,WT,Mut,Mut
S3PL10-05F-852-REL,Precursor,pt14-REL,D,Mut,WT,Undetected,Undetected,Undetected,Undetected,Undetected
S3PL10-09C-852-REL,Precursor,pt14-REL,DN_4_20,Mut,WT,Undetected,WT,Mut,WT,Mut
S3PL10-09I-852-REL,Precursor,pt14-REL,DN_4,Mut,WT,Undetected,WT,WT,WT,Mut
S3PL10-09K-852-REL,Precursor,pt14-REL,DN_4_20,Mut,WT,Undetected,WT,Mut,WT,Mut
S3PL10-13G-852-REL,GMP,pt14-REL,D,Mut,WT,Undetected,WT,WT,WT,WT
S3PL10-17B-852-REL,GMP,pt14-REL,D,Mut,WT,Undetected,WT,WT,WT,WT
S3PL11-07C-852-REL,Precursor,pt14-REL,DN_4,Mut,WT,Undetected,WT,WT,WT,Mut
S3PL12-01D-852-REL,Precursor,pt14-REL,DN_4,Mut,WT,Undetected,WT,WT,WT,Mut
S3PL12-01J-852-REL,Precursor,pt14-REL,DN_4,Mut,WT,Undetected,WT,WT,WT,Mut
S3PL12-09H-852-REL,Precursor,pt14-REL,DN_4,Mut,WT,Undetected,WT,WT,WT,Mut
S3PL02-11G-852-BL,Lin-Mature,pt14-BL,20,WT,WT,Undetected,Mut,WT,WT,WT
S3PL03-15K-852-BL,Precursor,pt14-BL,WT,WT,WT,Undetected,WT,WT,WT,WT
S3PL04-05I-852-EOC3,Lin-Mature,pt14-EOC3,WT,WT,WT,Undetected,WT,WT,WT,WT
S3PL05-09J-852-EOC3,Lin-Mature,pt14-EOC3,20,WT,WT,Undetected,Mut,WT,WT,WT
S3PL05-17K-852-EOC3,GMP,pt14-EOC3,20,WT,WT,Undetected,Mut,WT,WT,WT
S3PL06-03H-852-EOC3,CMP,pt14-EOC3,WT,WT,WT,Undetected,WT,WT,WT,WT
S3PL06-03I-852-EOC3,MEP,pt14-EOC3,WT,WT,WT,Undetected,WT,WT,WT,WT
S3PL06-17N-852-EOC3,CMP,pt14-EOC3,WT,WT,WT,Undetected,WT,WT,Mut,WT
S3PL06-19G-852-EOC3,GMP,pt14-EOC3,WT,WT,WT,Undetected,WT,WT,WT,WT
S3PL06-21J-852-EOC3,MPP,pt14-EOC3,WT,WT,WT,Undetected,WT,WT,WT,WT
S3PL06-21N-852-EOC3,MPP,pt14-EOC3,WT,WT,WT,Undetected,WT,WT,WT,WT
S3PL09-03F-852-REL,Precursor,pt14-REL,WT,WT,WT,Undetected,WT,WT,Mut,Mut
S3PL09-03I-852-REL,Precursor,pt14-REL,WT,WT,WT,Undetected,WT,WT,WT,Mut
S3PL09-07B-852-REL,Precursor,pt14-REL,WT,WT,WT,Undetected,WT,Mut,WT,Mut
S3PL09-09A-852-REL,Precursor,pt14-REL,WT,WT,WT,Undetected,WT,WT,WT,Mut
S3PL10-01G-852-REL,Precursor,pt14-REL,WT,WT,WT,Undetected,WT,WT,Mut,Mut
S3PL10-07F-852-REL,Precursor,pt14-REL,WT,WT,WT,Undetected,WT,WT,WT,Mut
S3PL10-19F-852-REL,Lin-Mature,pt14-REL,WT,WT,WT,Undetected,WT,WT,WT,Mut
S4PL13-03H-852-BL,HSC,pt14-BL,20,WT,WT,Undetected,Mut,WT,WT,WT
S3PL09-09F-852-REL,Precursor,pt14-REL,WT,Undetermined,WT,Undetected,WT,WT,WT,Mut
S3PL09-21D-852-REL,Lin-Mature,pt14-REL,WT,Undetermined,WT,Undetected,WT,WT,Mut,Mut
S3PL11-15A-852-REL,GMP,pt14-REL,WT,Undetermined,WT,Undetected,WT,WT,Mut,Mut
S3PL10-03D-852-REL,Precursor,pt14-REL,WT,Undetected,WT,Undetected,WT,WT,Mut,Mut
S3PL10-13A-852-REL,GMP,pt14-REL,WT,Undetected,WT,Undetected,WT,WT,WT,Mut
S3PL01-11N-852-BL,Precursor,pt14-BL,DN_4,Mut,Undetermined,Mut,WT,WT,WT,Mut
S3PL02-07B-852-BL,Lin-Mature,pt14-BL,DN,Mut,Undetermined,Mut,WT,WT,WT,WT
S3PL08-01C-852-REL,Precursor,pt14-REL,DN_4,Mut,Undetermined,Mut,WT,WT,WT,Mut
S3PL08-05D-852-REL,Precursor,pt14-REL,DN_4,Mut,Undetermined,Mut,WT,WT,WT,Mut
S3PL08-17M-852-REL,GMP,pt14-REL,DN,Mut,Undetermined,Mut,WT,WT,WT,WT
S3PL09-03K-852-REL,Precursor,pt14-REL,DN_4,Mut,Undetermined,Mut,WT,WT,WT,Mut
S3PL09-09D-852-REL,Precursor,pt14-REL,DN_4,Mut,Undetermined,Mut,Mut,WT,WT,Mut
S3PL10-11M-852-REL,CMP,pt14-REL,DN_4_20_or_21,Mut,Undetermined,Mut,WT,Mut,Mut,Mut
S3PL12-01A-852-REL,Precursor,pt14-REL,DN_4,Mut,Undetermined,Mut,WT,WT,WT,Mut
S3PL12-05M-852-REL,Precursor,pt14-REL,DN_4,Mut,Undetermined,Mut,WT,WT,WT,Mut
S3PL12-07A-852-REL,Precursor,pt14-REL,DN_4,Mut,Undetermined,Mut,WT,WT,WT,Mut
S3PL12-17C-852-REL,GMP,pt14-REL,DN_4_20_or_21,Mut,Undetermined,Mut,WT,Mut,Mut,Mut
S4PL13-13I-852-BL,LMPP,pt14-BL,DN,Mut,Undetermined,Mut,Mut,WT,WT,WT
S4PL13-19G-852-BL,Precursor,pt14-BL,DN,Mut,Undetermined,Mut,WT,WT,WT,WT
S3PL11-05O-852-REL,Precursor,pt14-REL,DN_4_21,WT,Undetermined,Mut,WT,WT,Mut,Mut
S3PL10-01K-852-REL,Precursor,pt14-REL,DN_4,Undetermined,Undetermined,Mut,WT,WT,WT,Mut
S3PL05-13C-852-EOC3,GMP,pt14-EOC3,D,Mut,Undetermined,WT,WT,WT,WT,WT
S3PL04-03G-852-EOC3,Lin-Mature,pt14-EOC3,WT,WT,Undetermined,WT,WT,WT,WT,WT
S3PL04-13K-852-EOC3,MEP,pt14-EOC3,WT,WT,Undetermined,WT,WT,WT,WT,WT
S3PL05-09M-852-EOC3,Lin-Mature,pt14-EOC3,WT,WT,Undetermined,WT,WT,WT,WT,WT
S3PL05-11P-852-EOC3,MEP,pt14-EOC3,WT,WT,Undetermined,WT,WT,WT,WT,WT
S3PL06-03K-852-EOC3,GMP,pt14-EOC3,WT,WT,Undetermined,WT,WT,WT,WT,WT
S3PL06-05C-852-EOC3,MEP,pt14-EOC3,WT,WT,Undetermined,WT,WT,WT,WT,WT
S3PL06-11L-852-EOC3,CMP,pt14-EOC3,WT,WT,Undetermined,WT,WT,WT,WT,WT
S3PL06-19C-852-EOC3,CMP,pt14-EOC3,WT,WT,Undetermined,WT,WT,WT,WT,WT
S3PL06-21B-852-EOC3,B-NK,pt14-EOC3,WT,WT,Undetermined,WT,WT,WT,WT,WT
S3PL07-13D-852-EOC3,B-NK,pt14-EOC3,WT,WT,Undetermined,WT,WT,WT,WT,WT
S3PL01-13H-852-BL,MPP,pt14-BL,WT,Undetermined,Undetermined,WT,WT,WT,WT,WT
S3PL05-19J-852-EOC3,B-NK,pt14-EOC3,WT,Undetermined,Undetermined,WT,WT,WT,WT,WT
S3PL08-01O-852-REL,Precursor,pt14-REL,D,Mut,Undetermined,Undetermined,Undetected,Undetected,Undetected,Undetected
S3PL10-09P-852-REL,Precursor,pt14-REL,DN_4,Mut,Undetermined,Undetected,WT,WT,WT,Mut
S3PL10-15F-852-REL,GMP,pt14-REL,D,Mut,Undetermined,Undetected,WT,WT,WT,WT
S3PL10-21K-852-REL,Lin-Mature,pt14-REL,WT,WT,Undetermined,Undetected,WT,WT,WT,WT
S3PL01-21A-852-BL,Lin-Mature,pt14-BL,DN,Mut,Undetected,Mut,WT,WT,WT,WT
S3PL02-09B-852-BL,Lin-Mature,pt14-BL,DN,Mut,Undetected,Mut,Mut,WT,WT,WT
S3PL03-13H-852-BL,Precursor,pt14-BL,DN,Mut,Undetected,Mut,WT,WT,WT,WT
S3PL03-13N-852-BL,Precursor,pt14-BL,DN,Mut,Undetected,Mut,Mut,WT,WT,WT
S3PL04-03H-852-EOC3,Precursor,pt14-EOC3,DN_4,Mut,Undetected,Mut,WT,WT,WT,Mut
S3PL05-19H-852-EOC3,Precursor,pt14-EOC3,DN_4,Mut,Undetected,Mut,WT,WT,WT,Mut
S3PL06-21D-852-EOC3,Precursor,pt14-EOC3,DN,Mut,Undetected,Mut,WT,WT,WT,WT
S3PL07-11D-852-EOC3,Precursor,pt14-EOC3,DN_4,Mut,Undetected,Mut,WT,WT,WT,Mut
S3PL08-01A-852-REL,Precursor,pt14-REL,DN_4_21,Mut,Undetected,Mut,WT,WT,Mut,Mut
S3PL08-07P-852-REL,Precursor,pt14-REL,DN_4,Mut,Undetected,Mut,WT,WT,WT,Mut
S3PL09-01I-852-REL,Precursor,pt14-REL,DN_4,Mut,Undetected,Mut,WT,WT,WT,Mut
S3PL09-03B-852-REL,Precursor,pt14-REL,DN_4_21,Mut,Undetected,Mut,WT,WT,Mut,Mut
S3PL09-03L-852-REL,Precursor,pt14-REL,DN_4,Mut,Undetected,Mut,WT,WT,WT,Mut
S3PL09-05K-852-REL,Precursor,pt14-REL,DN_4,Mut,Undetected,Mut,WT,WT,WT,Mut
S3PL09-15M-852-REL,GMP,pt14-REL,DN,Mut,Undetected,Mut,WT,WT,WT,WT
S3PL11-01A-852-REL,Precursor,pt14-REL,DN_4,Mut,Undetected,Mut,WT,WT,WT,Mut
S3PL11-01O-852-REL,Precursor,pt14-REL,DN_4_21,Mut,Undetected,Mut,WT,WT,Mut,Mut
S3PL12-01F-852-REL,Precursor,pt14-REL,DN_4,Mut,Undetected,Mut,Mut,WT,WT,Mut
S3PL12-03I-852-REL,Precursor,pt14-REL,DN_4,Mut,Undetected,Mut,WT,WT,WT,Mut
S3PL12-09M-852-REL,Precursor,pt14-REL,DN_4,Mut,Undetected,Mut,WT,WT,WT,Mut
S3PL06-17E-852-EOC3,Precursor,pt14-EOC3,DN_4,WT,Undetected,Mut,WT,WT,WT,Mut
S3PL12-05P-852-REL,Precursor,pt14-REL,DN_4_21,Undetermined,Undetected,Mut,WT,WT,Mut,Mut
S3PL08-19N-852-REL,Lin-Mature,pt14-REL,DN,Undetected,Undetected,Mut,Mut,WT,WT,WT
S3PL09-07I-852-REL,Precursor,pt14-REL,DN_4_21,Undetected,Undetected,Mut,WT,WT,Mut,Mut
S3PL11-13D-852-REL,Precursor,pt14-REL,DN_4,Undetected,Undetected,Mut,WT,WT,WT,Mut
S3PL12-05K-852-REL,Precursor,pt14-REL,DN_4,Undetected,Undetected,Mut,WT,WT,WT,Mut
S3PL12-07K-852-REL,Precursor,pt14-REL,DN_4_20,Undetected,Undetected,Mut,WT,Mut,WT,Mut
S3PL04-03P-852-EOC3,Lin-Mature,pt14-EOC3,D,Mut,Undetected,WT,Undetected,Undetected,Undetected,Undetected
S3PL04-05G-852-EOC3,Lin-Mature,pt14-EOC3,D,Mut,Undetected,WT,Undetected,Undetected,Undetected,Undetected
S3PL11-07K-852-REL,Precursor,pt14-REL,DN_4_21,Mut,Undetected,WT,WT,WT,Mut,Mut
S4PL13-13M-852-BL,Lin-Mature,pt14-BL,D,Mut,Undetected,WT,WT,WT,WT,WT
S3PL03-09J-852-BL,Lin-Mature,pt14-BL,20,WT,Undetected,WT,Mut,WT,WT,WT
S3PL04-13F-852-EOC3,B-NK,pt14-EOC3,WT,WT,Undetected,WT,WT,WT,WT,WT
S3PL04-13L-852-EOC3,GMP,pt14-EOC3,WT,WT,Undetected,WT,WT,WT,WT,WT
S3PL04-21J-852-EOC3,GMP,pt14-EOC3,WT,WT,Undetected,WT,WT,WT,WT,WT
S3PL06-03D-852-EOC3,Lin-Mature,pt14-EOC3,WT,WT,Undetected,WT,WT,WT,WT,WT
S4PL13-05N-852-BL,MPP,pt14-BL,WT,Undetected,Undetected,WT,WT,WT,WT,WT
S4PL13-01F-852-BL,LMPP,pt14-BL,20,Undetermined,Undetected,Undetermined,Mut,WT,WT,WT
S3PL02-01G-852-BL,Lin-Mature,pt14-BL,DN_4,Mut,Undetected,Undetected,WT,WT,WT,Mut
S3PL04-03J-852-EOC3,Lin-Mature,pt14-EOC3,D,Mut,Undetected,Undetected,Undetected,Undetected,Undetected,Undetected
S3PL09-01F-852-REL,Precursor,pt14-REL,DN_4,Mut,Undetected,Undetected,WT,WT,WT,Mut
S3PL09-07C-852-REL,Precursor,pt14-REL,DN_4_21,Mut,Undetected,Undetected,WT,WT,Mut,Mut
S3PL09-07E-852-REL,Precursor,pt14-REL,D,Mut,Undetected,Undetected,Undetected,Undetected,Undetected,Undetected
S3PL09-07G-852-REL,Precursor,pt14-REL,DN_4,Mut,Undetected,Undetected,WT,WT,WT,Mut
S3PL09-13K-852-REL,LMPP,pt14-REL,D,Mut,Undetected,Undetected,Undetected,Undetected,Undetected,Undetected
S3PL10-17J-852-REL,Precursor,pt14-REL,D,Mut,Undetected,Undetected,Undetected,Undetected,Undetected,Undetected
S3PL08-05N-852-REL,Precursor,pt14-REL,WT,WT,Undetected,Undetected,WT,WT,WT,Mut
S3PL11-15J-852-REL,GMP,pt14-REL,WT,WT,Undetected,Undetected,WT,WT,WT,WT
